Cycle,Voltage_measured,Current_measured,Temperature_measured,Time,Capacity,capacity_fade_total,capacity_fade_percent,capacity_rolling_mean_5,capacity_rolling_std_5,capacity_trend_5,voltage_rolling_mean_5,temp_rolling_mean_5,capacity_velocity,capacity_acceleration,cycle_normalized,cycles_from_start,voltage_change,internal_resistance,voltage_drop,current_change,energy_discharged,power_avg,voltage_efficiency,discharge_capacity_ratio,resistance_proxy,temp_capacity_interaction,voltage_capacity_ratio,power_to_energy_ratio,degradation_acceleration_abs,remaining_capacity,estimated_cycles_to_eol
2,4.191491807505295,-0.0049015892074626,24.330033885570543,0.0,1.8564874208181572,0.0,0.0,,,,,,,,0.003257328990228013,0,,1.0,,,7.781451815095941,0.020544971006835857,99.7974239882213,1.0,0.008508192494705469,,2.257753950014968,0.0026402490814090517,,0.5569462262454472,
4,4.189773213846608,2.125117981080765e-05,24.697751935729325,0.0,1.846327249719927,0.010160171098230197,0.5472792858328441,,,,,,-0.010160171098230197,,0.006514657980456026,2,-0.0017185936586869843,1.2019928039658765,-0.0017185936586869843,0.004922840387273407,7.735692454871627,8.903762393395971e-05,99.7565050915859,0.9945272071416715,0.010226786153392453,,2.2692473473931356,1.1509974634253641e-05,,0.546786055147217,53.8166188207659
6,4.188186735991303,-0.0017540301662326,24.7342661639544,0.0,1.835349194223408,0.021138226594749288,1.1386140491829262,,,,,,-0.01097805549651909,-0.0008178843982888928,0.009771986970684038,4,-0.0015864778553043024,1.3884575385486386,-0.0015864778553043024,-0.0017752813460434076,7.686785151158803,0.007346205876743996,99.71873180931674,0.9886138595081707,0.011813264008696756,,2.281956343334137,0.0009556928849034548,0.0008178843982888928,0.5358079996506979,48.80718628363569
8,4.188461118855572,-0.0027750361294468,24.65423646922845,0.0,1.8352625275821128,0.021224893236044373,1.1432823620582642,,,,,,-8.666664129508561e-05,0.010891388855224005,0.013029315960912053,6,0.00027438286426839653,1.3562082841459977,0.00027438286426839653,-0.0010210059632142,7.686925739670281,0.011623130931607379,99.72526473465648,0.9885671763794174,0.011538881144428359,,2.2822136102640895,0.0015120649431570982,0.010891388855224005,0.5357213330094028,
10,4.188298524761055,-0.0079808668038886,24.524796959348127,0.0,1.8346455082120416,0.021841912606115566,1.1765182118222917,1.8416143801111293,0.009638234279763175,-0.005474854735004531,4.189242280191967,24.58821708276617,-0.0006170193700711923,-0.0005303527287761067,0.016286644951140065,8,-0.00016259409451713225,1.3753185822049934,-0.00016259409451713225,-0.005205830674441799,7.68404307550399,0.03342625266104109,99.72139344669178,0.9882348178817771,0.011701475238945491,-0.1342697007579118,2.2828925293817504,0.004350086579759146,0.0005303527287761067,0.5351043136393316,867.2407052271159
12,4.188815807948604,-0.0050555682941469,24.522297376927863,0.0,1.8356616600675493,0.020825760750607936,1.121783025140563,1.8374492279610077,0.00497662822607907,-0.0022034865316121754,4.188707080280628,24.626669781037634,0.0010161518555076299,0.0016331712255788222,0.019543973941368076,10,0.0005172831875492889,1.314520335353951,0.0005172831875492889,0.002925298509741699,7.689248579736127,0.021176844388686295,99.73370971306198,0.9887821697485943,0.011184192051396202,-0.05403455199424913,2.281910604263785,0.0027540850278263505,0.0016331712255788222,0.5361204654948393,527.5987664530853
14,4.18839163793879,-0.002633435144531,24.58487828579781,0.0,1.8351461429226603,0.02134127789549689,1.149551440865231,1.8352130066015544,0.00037041007750417,-6.970116058768738e-07,4.188430765099064,24.604095051051328,-0.0005155171448889551,-0.001531669000396585,0.02280130293159609,12,-0.00042417000981398445,1.364374638730131,-0.00042417000981398445,0.0024221331496159003,7.686310759412894,0.01102985773840777,99.72361042711404,0.9885044855913477,0.011608362061210187,-1.7135945494271415e-05,2.2823204866225764,0.0014350002340069669,0.001531669000396585,0.5356049483499503,1000.0
16,4.188927891511958,0.0022276160569156,24.713628799279796,0.0,1.8257567905665535,0.03073063025160372,1.6553104484845191,1.8332945258701838,0.00422928621492808,-0.0018510839320500017,4.188578996203196,24.599967578116413,-0.009389352356106828,-0.008873835211217873,0.026058631921824105,14,0.0005362535731681106,1.3013467308047035,0.0005362535731681106,0.0048610512014466,7.647963543121593,0.009331323032393646,99.73637836933233,0.9834468955151549,0.011072108488042076,-0.04574700117299501,2.2943515331043,0.0012201055849417625,0.008873835211217873,0.5262155959938435,56.04386501179639
18,4.189029250882121,-0.0021960382833998,24.63521163332469,0.0,1.8247738529891333,0.0317135678290239,1.7082565426189462,1.8311967909515876,0.005437688484442423,-0.002964817994681246,4.188692622608506,24.596162610935657,-0.0009829375774201843,0.008406414778686644,0.029315960912052116,16,0.00010135937016286789,1.2894335811873268,0.00010135937016286789,-0.0044236543403154,7.644031046416351,0.009199268605218724,99.73879168766955,0.9829174345738105,0.010970749117879208,-0.07303891875326181,2.295642960918219,0.0012034577763170512,0.008406414778686644,0.5252326584164233,534.3499632956833
20,4.189223427076418,-0.0059760123362068,24.572057664095556,0.0,1.824613268496936,0.03187415232122115,1.7169064526800917,1.8291903430085665,0.005691963076203054,-0.003246907307475344,4.188877603071578,24.605614751885142,-0.00016058449219724658,0.0008223530852229377,0.03257328990228013,18,0.00019417619429695776,1.2666113196531887,0.00019417619429695776,-0.0037799740528070003,7.643712649741839,0.025034850879335203,99.7434149303909,0.9828309354731991,0.01077657292358225,-0.0797831935892574,2.295951421271522,0.0032752213520455585,0.0008223530852229377,0.5250720739242261,1000.0
22,4.188916055911241,-0.0035225814810401,24.43671599422777,0.0,1.8246195526864504,0.031867868131706834,1.7165679537792184,1.8269819215323468,0.004588636160428494,-0.002219670254203732,4.188897652664106,24.588498475345126,6.284189514316196e-06,0.00016686868171156277,0.035830618892508145,20,-0.00030737116517709495,1.3027378136609782,-0.00030737116517709495,0.0024534308551667004,7.6431781401778585,0.014755798124184472,99.73609656931527,0.9828343204622079,0.011083944088759345,-0.054241451602811956,2.2957750560897776,0.0019305840912718936,0.00016686868171156277,0.5250783581137404,
25,4.189876247266316,-0.0007535800248102,24.7443285138996,0.0,1.814201935767392,0.04228548505076524,2.2777146010571916,1.822793080101293,0.004826072156034794,-0.0023264009901005967,4.189194574529611,24.620388520965484,-0.010417616919058403,-0.01042390110857272,0.04071661237785016,23,0.0009601913550749686,1.1898828969824378,0.0009601913550749686,0.0027690014562299,7.601281598416366,0.003157407046366618,99.7589582682456,0.9772228539894281,0.010123752733684377,-0.05756523035411046,2.3094872542366867,0.00041537824977098926,0.01042390110857272,0.514660741194682,49.40292441096976
27,4.189286794768804,0.001858378552761,24.73663909953236,0.0,1.8137521577549052,0.04273526306325204,2.301941967612069,1.8203921535389633,0.005858676155584289,-0.0032454723198000355,4.18926635518098,24.624990581015997,-0.00044977801248680116,0.009967838906571602,0.043973941368078175,25,-0.0005894524975120774,1.2591634754224397,-0.0005894524975120774,0.0026119585775712002,7.5983279634660486,0.0077852807307632185,99.74492368497151,0.9769805803238794,0.010713205231196454,-0.08028207748241556,2.309734975011348,0.0010246044614283653,0.009967838906571602,0.5142109631821952,1000.0
29,4.188837765892728,-0.0010414987447677,24.44798340505406,0.0,1.8134404914735824,0.04304692934457477,2.3187299230718144,1.8181254812358532,0.005931560585867352,-0.0033212948978252445,4.189228058183101,24.58754493536187,-0.0003116662813227311,0.00013811173116407005,0.04723127035830619,27,-0.0004490288760754524,1.3119395352441792,-0.0004490288760754524,-0.0028998772975287,7.596208016883613,0.004362669275212814,99.73423252125542,0.9768127007692818,0.011162234107271907,-0.0811989625453223,2.309884325175139,0.0005743219861167815,0.00013811173116407005,0.5138992969008724,1000.0
31,4.189110301768517,-0.0024120474664846,24.47211924021532,0.0,1.8025980036306504,0.05388941718750684,2.9027623124835222,1.8137224282625959,0.007791188031098625,-0.004480454240540954,4.189205433121521,24.567557250585825,-0.01084248784293207,-0.010530821561609338,0.050488599348534204,29,0.00027253587578890404,1.2799073643737506,0.00027253587578890404,-0.0013705487217169,7.55128186695652,0.01010433289020529,99.74072147067898,0.9709723768751648,0.010889698231483003,-0.10964621042484661,2.323929291684082,0.001338095050380864,0.010530821561609338,0.5030568090579404,46.39680637372075
33,4.18921207304098,0.0025385113330863,24.325417128823226,0.0,1.80210690024615,0.05438052057200715,2.929215676992929,1.8092198977745362,0.006277334429438902,-0.003534422516673863,4.189264636547469,24.54529747750491,-0.0004911033845003132,0.010351384458431756,0.05374592833876222,31,0.0001017712724626918,1.267945802323289,0.0001017712724626918,0.0049505587995709,7.549407983421629,0.01063436232411648,99.74314459621381,0.9707078432300708,0.01078792695902031,-0.08597630202759689,2.3246190736347407,0.001408635266165156,0.010351384458431756,0.50256570567344,1000.0
35,4.188899969428112,-0.0001220795671048,24.3625933569109,0.0,1.802579500826209,0.053907919991948106,2.9037589690853274,1.8068954107862993,0.006121227010019368,-0.0033678905084824516,4.189069380979828,24.468950446107176,0.00047260058005904604,0.0009637039645593592,0.057003257328990226,33,-0.00031210361286770905,1.304628518782975,-0.00031210361286770905,-0.0026605909001911,7.550825215902649,0.0005113790949130939,99.73571355781219,0.9709624103091468,0.01110003057188802,-0.08205054692875785,2.3238364618637553,6.772492810932615e-05,0.0009637039645593592,0.5030383062534991,1000.0
37,4.188779799856791,-0.0043107457517728,24.382419922756025,0.0,1.8030683142834096,0.053419106534747574,2.8774289518862286,1.804758642092,0.004865194415926004,-0.0020762857184786878,4.188967981997426,24.398106610751903,0.000488813457200532,1.6212877141486004e-05,0.06026058631921824,35,-0.00012016957132132688,1.3187525023900815,-0.00012016957132132688,-0.004188666184667999,7.5526561326321815,0.01805676472734438,99.73285237754264,0.9712257104811377,0.011220200143209347,-0.05062487026756857,2.3231398204241254,0.002390783376106308,1.6212877141486004e-05,0.5035271197106996,1000.0
39,4.189272591516219,-0.0013923121351757,24.361449262276757,0.0,1.802777624719604,0.05370979609855331,2.893086993009805,1.8026260687412043,0.0003503721170673439,0.0001320656215166638,4.189054947122124,24.380799782196444,-0.00029068956380573496,-0.000779503021006267,0.06351791530944625,37,0.0004927916594281712,1.260832837345499,0.0004927916594281712,0.0029184336165970996,7.5523268918365485,0.005832775066726985,99.74458551229093,0.9710691300699019,0.010727408483781176,0.003217309937869251,2.3237877673170035,0.0007723149633567558,0.000779503021006267,0.5032364301468939,1000.0
42,4.187614060563439,-0.0036042618843765,24.558714742953534,0.0,1.8470259949329195,0.009461425885237684,0.5096412601098055,1.8115116670016582,0.01985619814082025,0.009003631326693374,4.188755698881108,24.398118882744086,0.044248370213315624,0.04453905977712136,0.06840390879478828,40,-0.001658530952780346,1.4557662446247097,-0.001658530952780346,-0.0022119497492008,7.734632026607269,0.015093257744967907,99.70509668008188,0.994903587398902,0.012385939436561522,0.22111761340298283,2.267219883234792,0.0019513866584792707,0.04453905977712136,0.5474848003602095,12.372993575149925
46,4.187628781108399,-0.0033381888932268,24.92210633449132,0.0,1.847417311283644,0.009070109534513149,0.48856294057279076,1.8205737492091572,0.02432711143113618,0.01336333015643798,4.1884390404945915,24.517456723877707,0.0003913163507245354,-0.04385705386259109,0.0749185667752443,44,1.4720544960766802e-05,1.4540360833748407,1.4720544960766802e-05,0.0002660729911497001,7.736297903449283,0.013979095886052941,99.70544716924759,0.9951143705942721,0.012371218891600755,0.33304233514166187,2.266747613293015,0.0018069490162497832,0.04385705386259109,0.5478761167109341,1000.0
50,4.187447226312926,-0.0014962307447162,24.56596639952811,0.0,1.8361774213478947,0.020309999470262463,1.0940014590194105,1.8272933333134944,0.02269995021471038,0.011085790069301039,4.188148491871555,24.55813133240115,-0.011239889935749314,-0.01163120628647385,0.08143322475570032,48,-0.0001815547954731045,1.4753749042332174,-0.0001815547954731045,0.0018419581485106,7.688896050041663,0.006265387281885976,99.70112443602204,0.9890599854098059,0.01255277368707386,0.2723331463546717,2.2805242988115055,0.0008148617488270019,0.01163120628647385,0.5366362267751847,47.74390406336391
54,4.187344026387161,-0.0038027294170364,24.21658146702539,0.0,1.825780747577624,0.030706673240533222,1.6540200001463377,1.831835819972337,0.018529816528860047,0.0035157672131015394,4.187861337177628,24.524963641255024,-0.010396673770270759,0.0008432161654785553,0.08794788273615635,52,-0.00010319992576501846,1.487504381302435,-0.00010319992576501846,-0.0023064986723202,7.64517210686185,0.0159233363083941,99.6986672949324,0.9834597999985366,0.012655973612838878,0.08513986313517023,2.2934539275555235,0.0020827963171819596,0.0008432161654785553,0.526239553004914,50.61614557048944
58,4.187438187636325,0.0013678911872666,24.05499065781757,0.0,1.8251136435078368,0.03137377731032043,1.6899536704910152,1.8363030237299838,0.010890888397934869,-0.006546126655618556,4.18749445640165,24.463671920363186,-0.0006671040697872055,0.009729569700483554,0.09446254071661238,56,9.416124916405977e-05,1.4764372540339046,9.416124916405977e-05,0.005170620604303,7.642550567600787,0.005727959794091353,99.70090922943632,0.9831004632950898,0.012561812363674818,-0.15746701554579492,2.2943438084152072,0.0007494827470784432,0.009729569700483554,0.5255724489351268,787.8417667318012
62,4.18774138117799,-0.0045452015201336,24.028778234327,0.0,1.825581504220376,0.03090591659778119,1.6647522763262732,1.8320141255874751,0.009778054934097911,-0.005473539196659405,4.187519920524561,24.35768461863788,0.00046786071253923645,0.001134964782326442,0.10097719869706841,60,0.00030319354166508106,1.4408017718966875,0.00030319354166508106,-0.0059130927074002,7.645063209936831,0.019034128491656584,99.70812812328548,0.9833524772367372,0.012258618822009737,-0.1315224595134252,2.293921893652394,0.0024897280727406647,0.001134964782326442,0.526040309647666,1000.0
66,4.188261122540052,-0.0037058225959767,23.93841461307264,0.0,1.814031127508391,0.0424562933097663,2.2869152159973023,1.8253368888324242,0.007836518201402657,-0.0044491831036255645,4.187646388810891,24.160946274354142,-0.01155037671198511,-0.012018237424524347,0.10749185667752444,64,0.0005197413620612323,1.3797146065105423,0.0005197413620612323,0.0008393789241568999,7.597636046420889,0.015520952705759662,99.72050291762027,0.977130847840027,0.011738877459948505,-0.1065063898240661,2.308814363231305,0.002042866045560488,0.012018237424524347,0.5144899329356809,44.54313013027762
70,4.187338767288234,-0.0010441513886458,23.811534187517506,0.0,1.8147691941158937,0.04171822670226355,2.2471591368972628,1.8210552433860243,0.006085652344718317,-0.003310562292290653,4.187624697005953,24.01005983195202,0.000738066607502752,0.012288443319487863,0.11400651465798045,68,-0.0009223552518173861,1.4881225030633476,-0.0009223552518173861,0.0026616712073309,7.599053400201909,0.004372215588594402,99.69854207829128,0.9775284086310274,0.01266123271176589,-0.07882956720278521,2.3073671191163196,0.0005753631877989212,0.012288443319487863,0.5152279995431837,698.0779164179468
74,4.187560306288175,-0.0003129824916891,23.754765330883423,0.0,1.813969388710352,0.04251803210780514,2.2902407864992353,1.81869297161257,0.0060851862092447815,-0.003310081969945178,4.187667952986155,23.917696604723627,-0.0007998054055415871,-0.001537872013044339,0.12052117263843648,72,0.00022153899994048487,1.462084187630505,0.00022153899994048487,0.0007311688969566999,7.596106208985295,0.0013106330587604436,99.7038168163851,0.9770975921350077,0.012439693711825406,-0.07863022042203602,2.308506600139121,0.00017254011762106748,0.001537872013044339,0.5144281941376421,643.1916945963847
78,4.18805176248713,0.0015907765842724,23.79768342466196,0.0,1.802765665167823,0.05372175565033421,2.8937311962318035,1.814223375944567,0.008072880536490724,-0.004569341690314488,4.187790667956316,23.866235158092504,-0.011203723542529076,-0.010403918136987489,0.1270358306188925,76,0.0004914561989552979,1.4043214842994363,0.0004914561989552979,0.0019037590759614998,7.550075921357385,0.006662254677485281,99.71551815445548,0.9710626880376819,0.011948237512870108,-0.10873974700521397,2.3231259854825645,0.0008824089647415774,0.010403918136987489,0.503224470595113,44.915823626393895
82,4.187667484260542,-0.000675583650671,23.80130098691845,0.0,1.804077040117352,0.05241038070080517,2.823093769076433,1.8099224831239624,0.005961087529617951,-0.00319117037301484,4.187775888572827,23.820739708610795,0.0013113749495290428,0.012515098492058119,0.13355048859934854,80,-0.00038427822658793076,1.4494871557187257,-0.00038427822658793076,-0.0022663602349434,7.554874760000437,0.0028291196868129795,99.70636867287006,0.9717690623092357,0.012332515739458039,-0.07595400654866302,2.321224310902012,0.000374476053764896,0.012515098492058119,0.504535845544642,384.73805354131343
86,4.2010701773378685,-5.4218711933377765e-05,23.78129749955371,0.0,1.8518025516704488,0.0046848691477083815,0.252351246508514,1.817476767956374,0.019961596531075165,0.00641743665161103,4.19033769953239,23.789316285907013,0.04772551155309679,0.046414136603567746,0.14006514657980457,84,0.013402693077326333,-0.12578198466175408,0.013402693077326333,0.0006213649387376223,7.77955247414089,0.00022777661375698613,100.02548041280639,0.9974764875349149,-0.0010701773378682944,0.15261497019650172,2.2686382916732803,2.9278883909339517e-05,0.046414136603567746,0.5522613570977388,11.571617341038307
90,4.1996223345495824,-0.0008182048183192,24.204043411413554,0.0,1.8307038456739428,0.025783575144214366,1.3888365121726223,1.820663698267984,0.02068032488301006,0.008250580042980737,4.192794412984659,23.86781813068622,-0.021098705996505984,-0.06882421754960277,0.1465798045602606,88,-0.0014478427882860245,0.044388446859041586,-0.0014478427882860245,-0.0007639861063858222,7.688264758238103,0.0034361512292493956,99.99100796546625,0.9861116348782738,0.00037766545041773014,0.19969739752964807,2.2939932881408036,0.0004469345603073181,0.06882421754960277,0.5311626511012328,25.17512927992812
94,4.199853323702163,-0.0017544679193535,24.0063252333915,0.0,1.8199041089501269,0.03658331186803032,1.970566105527825,1.8218506423159386,0.02036800409760919,0.006090369312119859,4.195253016467457,23.918130111187832,-0.010799736723815956,0.010298969272690028,0.15309446254071662,92,0.00023098915258046304,0.017239419292469197,0.00023098915258046304,-0.0009362631010343001,7.643330320793414,0.007368507922425616,99.99650770719435,0.9802943389447217,0.0001466762978372671,0.14620738649821619,2.3077333047646067,0.0009640441552525666,0.010298969272690028,0.5203629143774169,48.18292590687831
98,4.199103467081427,-0.0017550171720923,23.53999092882516,0.0,1.809307963702852,0.047179457115305246,2.541329210542842,1.8231591020229445,0.018999634626116427,-0.002143659554932209,4.197463357386317,23.866591612020475,-0.010596145247274924,0.00020359147654103182,0.15960912052117263,96,-0.0007498566207360113,0.10537290019368727,-0.0007498566207360113,-5.492527388000195e-07,7.597471343402682,0.007369498692120218,99.9786539781292,0.9745867078945716,0.0008965329185732784,-0.05046172647759358,2.3208340157237366,0.0009699936148518118,0.00020359147654103182,0.509766769130142,48.108699648227436
102,4.199998536865001,-0.001823828949723,23.56609574757256,0.0,1.80460990458052,0.051877516237637256,2.7943909372019737,1.823265674915578,0.018866871189903555,-0.011578117615094863,4.199929567907209,23.819550564151296,-0.00469805912233201,0.005898086124942914,0.16612377850162866,100,0.0008950697835743426,0.00017196778279831925,0.0008950697835743426,-6.881177763070007e-05,7.579358958850273,0.007660078920328633,99.99996516345242,0.9720560906279803,1.4631349989358e-06,-0.272851028293982,2.327371985604439,0.001010649972104053,0.005898086124942914,0.50506871000781,107.50582248039171
106,4.19967522099872,-0.0002367698930799,23.978912001702884,0.0,1.7993770651972192,0.057110355620938025,3.076258690498931,1.812780577620932,0.012554494483532005,-0.007794776532305425,4.199650576639379,23.859073464581133,-0.005232839383300769,-0.0005347802609687591,0.17263843648208468,104,-0.00032331586628142617,0.038172502735741756,-0.00032331586628142617,0.0015870590566431002,7.5567992739421594,0.0009943566530461723,99.99226716663618,0.9692374130950107,0.00032477900128036197,-0.18691026054109056,2.333960625722668,0.0001315843675344106,0.0005347802609687591,0.4998358706245092,95.51905457285847
110,4.1991847248803165,8.178123272756054e-05,23.757591205264927,0.0,1.7884432335370462,0.06804418728111106,3.6652113296369047,1.8043284551935528,0.011665464399977154,-0.007285264933179425,4.199563054705526,23.769783023351405,-0.010933831660173032,-0.005700992276872263,0.1791530944625407,108,-0.0004904961184033496,0.09582236417324197,-0.0004904961184033496,0.0003185511258074605,7.510003507584325,0.00034341450325145445,99.98058868762658,0.9633478867036309,0.0008152751196837116,-0.17308034610452847,2.34795527536845,4.5727608902531326e-05,0.005700992276872263,0.48890203896433615,44.71461187254086
114,4.200012480335,-0.0007122255566129,23.51454265913581,0.0,1.7829230484252725,0.07356437239288471,3.9625570078177406,1.7969322430885817,0.011027272102959739,-0.006893650159863274,4.199594886032092,23.671426508500268,-0.005520185111773657,0.005413646548399376,0.18566775244299674,112,0.0008277554546838317,-0.0014668609117490555,0.0008277554546838317,-0.0007940067893404605,7.488299054863068,0.0029913562265877222,100.00029715083333,0.9603744299218226,-1.2480335000120135e-05,-0.16210103076126334,2.3556891499297006,0.00039947072154457677,0.005413646548399376,0.4833818538525625,87.56623991133696
118,4.1992373656547874,-0.0013924037619404,23.28241301826593,0.0,1.7730337158018288,0.08345370501632843,4.49524753469917,1.7896773935083776,0.01266115964008774,-0.007960639432932903,4.199621665746765,23.61991092638842,-0.009889332623443714,-0.004369147511670057,0.19218241042345277,116,-0.0007751146802128517,0.08963529512141485,-0.0007751146802128517,-0.0006801782053275,7.445389429960791,0.005847033905218422,99.9818420393997,0.9550475246530082,0.0007626343452127315,-0.18534289516703814,2.368391152536963,0.0007853227773002081,0.004369147511670057,0.4734925212291188,47.879117758326224
122,4.199395781118708,0.0021374370347549,23.439367870877128,0.0,1.773037755078937,0.0834496657392203,4.495029958373965,1.7833629636080608,0.011132805228692135,-0.006808813797178193,4.199501114597507,23.594565351049336,4.039277108125461e-06,0.00989337190055184,0.1986970684039088,120,0.00015841546392092454,0.07101612729940045,0.00015841546392092454,0.0035298407966953002,7.445687268442674,0.00897594406615661,99.98561383615971,0.9550497004162604,0.000604218881291807,-0.15959429135636344,2.3684751038658782,0.001205522571999455,0.00989337190055184,0.4734965605062269,
126,4.199578698026071,-0.0022217707965509,24.020578317587123,0.0,1.7678721106662054,0.08861531015195179,4.7732782435390195,1.777061972701858,0.008377948021414248,-0.005102753908801705,4.199481810002977,23.602898614226184,-0.005165644412731485,-0.00516968368983961,0.20521172638436483,124,0.000182916907363051,0.049517212285797065,0.000182916907363051,-0.004359207831305801,7.424318056788186,0.009330501309091577,99.98996900062075,0.9522672175646097,0.000421301973928756,-0.12257109990174517,2.3754991510350267,0.0012567485980157509,0.00516968368983961,0.4683309160934954,90.66263154684545
130,4.199546957512695,0.0018244735178706,24.256086319320037,0.0,1.762315070409309,0.0941723504088483,5.072609130168326,1.7718363400763106,0.007618429948808074,-0.004637756116755054,4.199554256529452,23.702597637037208,-0.005557040256896517,-0.00039139584416503226,0.21172638436482086,128,-3.174051337673234e-05,0.05324779470932404,-3.174051337673234e-05,0.0040462443144215,7.400924892116183,0.007661962211035961,99.98921327411178,0.9492739086983167,0.00045304248730548835,-0.11249381269596509,2.3829717103521806,0.001035270905018621,0.00039139584416503226,0.4627738758365989,83.27704217407411
134,4.194091469340824,-0.0011914767893729,23.99270220171187,0.0,1.7676172924938447,0.08887012832431251,4.787004066267645,1.7687751888900247,0.004477553101340238,-0.0021555531285596175,4.198370054330617,23.79822954555242,0.00530222208453579,0.010859262341432308,0.2182410423452769,132,-0.005455488171870471,0.6944519253475702,-0.005455488171870471,-0.0030159503072435,7.413548607507758,0.004997162638226475,99.85932069859105,0.9521299593373236,0.005908530659175959,-0.05171754429349925,2.372737292824051,0.0006740581201782112,0.010859262341432308,0.4680760979211347,88.27923283076038
136,4.200715235801255,-0.0004582321398921,23.828786239535976,0.0,1.762668359743147,0.09381906107501026,5.053579142144902,1.7667021176782884,0.004412032315930244,-0.002099360884394064,4.198665628359911,23.907504189806428,-0.004948932750697743,-0.010251154835233534,0.22149837133550487,134,0.0066237664604305024,-0.0840643652220639,0.0066237664604305024,0.0007332446494808001,7.4044678344378445,0.0019249027315785565,100.01702942383939,0.949464208578551,-0.0007152358012545434,-0.050025221753869344,2.383156884039931,0.00025996503389830676,0.010251154835233534,0.46312716517043695,93.58122013380385
140,4.1990980807180325,-0.0018000903475638,23.35051297073213,0.0,1.7517304870664143,0.10475693375174289,5.642749451303921,1.762440664075784,0.006539755433150866,-0.003192995786574415,4.198606088279775,23.889733209777425,-0.01093787267673263,-0.005988939926034886,0.2280130293159609,138,-0.0016171550832222437,0.10600597982814237,-0.0016171550832222437,-0.0013418582076717002,7.355688126175845,0.007558755923574209,99.97852573138172,0.9435725054869608,0.0009019192819677002,-0.07455808952989892,2.3971142317390233,0.0010276069069154428,0.005988939926034886,0.4521892924937043,41.34161238278216
144,4.199398534411534,-0.0004477130072591,23.23621418856597,0.0,1.7418496047960008,0.11463781602215639,6.174984798530728,1.7572361629017432,0.010369794505530553,-0.005681773665404654,4.198570055556869,23.732860383973197,-0.009880882270413505,0.0010569904063191249,0.23452768729641693,142,0.0003004536935016233,0.07069252239419367,0.0003004536935016233,0.0013523773403047,7.314720677545636,0.001880125346520845,99.9856793907508,0.9382501520146928,0.0006014655884660769,-0.1320229098602961,2.410884684216668,0.0002570331020694146,0.0010569904063191249,0.4423084102232908,44.76406034587645
148,4.199122915612965,-0.0034615404296391,23.214801785728056,0.0,1.7360913511847138,0.1203960696334434,6.485154075559782,1.751991419056824,0.013359468771548314,-0.008387063756540792,4.198485247176922,23.5246034772548,-0.005758253611287012,0.004122628659126493,0.24104234527687296,146,-0.00027561879856907723,0.10308704082341245,-0.00027561879856907723,-0.00301382742238,7.290060976357207,0.014535433741418292,99.97911703840391,0.9351484592444022,0.0008770843870351541,-0.19470402267235823,2.4187223286075765,0.0019938699811371877,0.004122628659126493,0.4365501566120038,75.81294365991491
150,4.190409478081396,-0.0015217240501563,26.647373946169797,0.0,1.7936240148573608,0.06286340596079643,3.3861476924574267,1.7571927635295275,0.022736187093674767,0.004627217434672715,4.197748848925036,24.055537826146388,0.05753266367264698,0.06329091728393399,0.24429967426710097,148,-0.00871343753156939,1.127210265232315,-0.00871343753156939,0.0019398163794827998,7.516019071972691,0.006376646882799369,99.77165424003323,0.9661385230754257,0.009590521918604544,0.12330319331196034,2.336280872340261,0.000848407490951952,0.06329091728393399,0.4940828202846508,8.587866244050767
154,4.199933846791869,0.0028589701045215,25.700376529166363,0.0,1.7831890223273277,0.07329839849082953,3.948230279875896,1.7612968960463635,0.025638548190386787,0.011469148058318668,4.197592571123159,24.429855884072463,-0.010434992530033105,-0.06796765620268008,0.250814332247557,152,0.009524368710473574,0.007775236417386698,0.009524368710473574,0.0043806941546778,7.489275930100246,0.012007485308945937,99.99842492361593,0.960517697201241,6.615320813097014e-05,0.29476142356754703,2.3552936868747256,0.0016032905478467548,0.06796765620268008,0.4836478277546177,46.34865107594699
158,4.199365021329158,0.000665107753534,24.83618832123406,0.0,1.7673642076278957,0.08912321319026151,4.800636524161567,1.7644236401586597,0.025128440354406995,0.009812687680640364,4.197645959245385,24.72699095417285,-0.015824814699431977,-0.005389822169398872,0.25732899022801303,156,-0.0005688254627109757,0.07463144154731857,-0.0005688254627109757,-0.0021938623509875,7.4218074334617095,0.0027930302356054945,99.98488146021805,0.9519936347583843,0.0006349786708419458,0.24370975917383755,2.3760609178373158,0.00037632749982341674,0.005389822169398872,0.4678230130551857,29.562621865769962
162,4.19902365945384,0.0011370679832107,24.361616832363048,0.0,1.7570177850353066,0.09946963578285062,5.3579482773448674,1.767457276206521,0.02249999409877167,0.0015593060471720487,4.197570984253845,24.952071482932265,-0.01034642259258911,0.0054783921068428665,0.26384364820846906,160,-0.0003413618753178582,0.1147529921034776,-0.0003413618753178582,0.00047196022967669997,7.377759249444434,0.0047745753639091915,99.97675379652,0.9464205172265513,0.000976340546159804,0.03798721644559207,2.3898583697998608,0.0006471579245783508,0.0054783921068428665,0.4574765904625966,44.21591969288746
166,4.199432142144215,0.0031272458314235,24.019157444608588,0.0,1.7468706179837907,0.10961680283436648,5.904527098064482,1.7696131295663364,0.018985189382382823,-0.01196780310391612,4.197632829560096,25.112942614708373,-0.01014716705151586,0.00019925554107325105,0.2703583061889251,164,0.0004084826903749672,0.06674247863317702,0.0004084826903749672,0.0019901778482128004,7.33586462132846,0.013132656660866358,99.98647957486226,0.9409547290193552,0.0005678578557848368,-0.2874565470190366,2.403974340693377,0.0017901988843529327,0.00019925554107325105,0.44732942341108073,44.08416862953442
170,4.199640922827531,0.0011133741341426,24.01966866535824,0.0,1.7417172507457144,0.11477017007244283,6.182114071199223,1.7592317767440069,0.016617345411854362,-0.010343713280733158,4.1994791185093225,24.58740155854606,-0.005153367238076356,0.004993799813439503,0.2768729641693811,168,0.00020878068331597888,0.04220369634235553,0.00020878068331597888,-0.0020138716972809,7.314587042226362,0.004675771576162932,99.99145054351266,0.9381788592880078,0.00035907717246885795,-0.2484525657726761,2.411207055008188,0.0006392393103219883,0.004993799813439503,0.4421760561730044,85.80332736738153
174,4.199305653118061,-0.0021244533854582,24.33608487469673,0.0,1.7364225056478186,0.12006491517033857,6.46731638598584,1.7498784734081052,0.012383825031876194,-0.007718393824974634,4.199353479774561,24.31454322765213,-0.005294745097895737,-0.00014137785981938045,0.28338762214983715,172,-0.00033526970947050927,0.08160921163589678,-0.00033526970947050927,-0.0032378275196008003,7.291768844168312,0.008921229111340422,99.98346793138239,0.9353268361401416,0.0006943468819393672,-0.18783548722091784,2.418366290150909,0.0012234657052349227,0.00014137785981938045,0.43688131107510864,82.51224619835544
178,4.198949734540481,-0.0027200652547321,24.124280416630818,0.0,1.7263217239235826,0.13016569689457458,7.0113966534289975,1.7416699766672425,0.011464171808597764,-0.0071840234559420015,4.199270422416826,24.172161646731485,-0.010100781724236008,-0.004806036626340271,0.2899022801302932,176,-0.0003559185775801055,0.12344166639072146,-0.0003559185775801055,-0.0005956118692738996,7.248738144400392,0.011421417279290136,99.97499367953525,0.9298860334657101,0.0010502654595194727,-0.17330939637079806,2.432310082385519,0.0015756421396064795,0.004806036626340271,0.42678052935087263,42.25222769905495
182,4.19834220599025,-0.0023350166662866,23.971565610462942,0.0,1.7158065389330133,0.14068088188514394,7.5777988209123235,1.7334277274467838,0.012443851591217936,-0.007752368492368667,4.199134131724107,24.094151402351464,-0.01051518499056936,-0.0004144032663333519,0.2964169381107492,180,-0.0006075285502307182,0.1948467915813862,-0.0006075285502307182,0.0003850485884454996,7.2035430097165225,0.009803199021761685,99.96052871405357,0.9242220117908767,0.0016577940097501909,-0.18583640995130118,2.446862225272215,0.0013608857486570995,0.0004144032663333519,0.41626534436030327,39.58706810518642
186,4.198995776266302,-0.0032919405431907,23.8393270059704,0.0,1.710533351135192,0.14595406968296532,7.861839948187913,1.726160274077064,0.01321703009377163,-0.008298376593585033,4.199046858548525,24.058185314623824,-0.005273187797821377,0.0052419971927479825,0.30293159609120524,184,0.0006535702760519513,0.11803020845181326,0.0006535702760519513,-0.0009569238769040998,7.1825223165793135,0.013822844436577546,99.97608991110243,0.9213816005181209,0.0010042237336982396,-0.19782771323316434,2.4547874342699294,0.0019245111713291126,0.0052419971927479825,0.4109921565624819,77.93998096033745
190,4.19916986492694,0.0049011998067657,23.956923878018035,0.0,1.706014499648521,0.1504729211696363,8.105248626102869,1.7190197238576252,0.012325329154569114,-0.007660438478698617,4.198952646968406,24.045636357155782,-0.004518851486670972,0.0007543363111504053,0.30944625407166126,188,0.000174088660638283,0.09756891062073857,0.000174088660638283,0.0081931403499564,7.163844676052481,0.020580970530556273,99.98023487921286,0.9189475137389713,0.0008301350730599566,-0.18352054150642305,2.4613916621412466,0.0028728945784314633,0.0007543363111504053,0.4064733050758109,89.95057843232173
194,4.199246833083063,0.000946635023625,24.465118009505925,0.0,1.7003110272642588,0.15617639355389845,8.412467103336,1.7117974281809136,0.009924788348501733,-0.00618134326031401,4.198940882961407,24.071442984117624,-0.005703472384262165,-0.0011846208975911932,0.31596091205211724,192,7.696815612234786e-05,0.0885225525170351,7.696815612234786e-05,-0.0039545647831407005,7.1400256964956474,0.003975154125042791,99.98206745435863,0.91587532896664,0.0007531669169376087,-0.15122729232084636,2.4696933477162144,0.0005567422715290523,0.0011846208975911932,0.40076983269154876,70.26769057344963
198,4.19925518864016,0.0048990136261112,24.267851748683743,0.0,1.6945798601797897,0.16190756063836753,8.721177360146863,1.705449055432155,0.008336455981368094,-0.005267568137738032,4.199001973781343,24.100157250528206,-0.00573116708446908,-2.7694700206915e-05,0.32247557003257327,196,8.355557097772248e-06,0.08754049233175229,8.355557097772248e-06,0.0039523786024862,7.1159732704250995,0.020572208388666302,99.98226639619429,0.9127882263985314,0.0007448113598398365,-0.12783256264271667,2.4780509241946453,0.00289099011573962,2.7694700206915e-05,0.3950386656070797,68.92813623905627
202,4.199610827671791,-0.0021504498299585,24.1464003948948,0.0,1.6849029086609286,0.17158451215722859,9.24242794392924,1.699268329377738,0.010023045984039166,-0.006269552441725779,4.199255698117652,24.135124207414584,-0.009676951518861054,-0.003945784434391975,0.3289902280130293,200,0.0003556390316310498,0.04574089366818666,0.0003556390316310498,-0.0070494634560697,7.075936498788131,0.009031052390258679,99.99073399218551,0.9075757205607076,0.00038917232820878667,-0.15138712355470102,2.4924942595116173,0.0012763048950206652,0.003945784434391975,0.3853617140882186,39.8226356034875
206,4.1994453812630566,-0.0032975255055147,23.93565216301482,0.0,1.6744741591159715,0.18201326170218568,9.804174251930677,1.692056490973894,0.012546343104172237,-0.007848879966842892,4.199345619117002,24.154389238823462,-0.010428749544957094,-0.00075179802609604,0.3355048859934853,204,-0.0001654464087348373,0.06518643499059942,-0.0001654464087348373,-0.0011470756755562,7.031862773543907,0.013847778253730833,99.98679479197753,0.9019582574806932,0.000554618736943624,-0.18786806075560675,2.507918894060526,0.0019692901724178346,0.00075179802609604,0.3749329645432615,35.951862006750694
210,4.198991968341307,0.0059339984616673,24.08253541678387,0.0,1.6745692479879102,0.18191817283024703,9.799052274217694,1.6857674406417715,0.011649675873608288,-0.00715892596165153,4.199310039799875,24.17951154657663,9.508887193865334e-05,0.010523838416895748,0.34201954397394135,208,-0.00045341292174949643,0.1184777682592871,-0.00045341292174949643,0.009231523967182,7.031502822732577,0.024916811880690663,99.97599924622159,0.9020094772578231,0.0010080316586931204,-0.17240508801760648,2.5075057202839677,0.003543596939211284,0.010523838416895748,0.3750280534152002,
214,4.197785116892181,-0.0008624725143222,24.428816535813286,0.0,1.663716375981405,0.19277104483675211,10.383644008306698,1.678448510385201,0.011723476789627374,-0.00720606290697876,4.1990176965616985,24.172251251838105,-0.010852872006505088,-0.010947960878443741,0.3485342019543974,212,-0.001206851449126134,0.2603235774458025,-0.001206851449126134,-0.0067964709759895,6.983923841824538,0.0036204742843503096,99.94726468790907,0.8961635599169331,0.0022148831078192543,-0.17603558870011352,2.5231374635090438,0.0005184011690775349,0.010947960878443741,0.3641751814086951,33.55565063242362
216,4.201331130571617,-0.0041260217849441,24.3288116844709,0.0,1.659013868748246,0.19747355206991113,10.636945333186485,1.6713353120988923,0.010176646454106743,-0.006253586295993152,4.19943288494799,24.184443238995534,-0.0047025072331590145,0.006150364773346073,0.3517915309446254,214,0.0035460136794362995,-0.1564528038646739,0.0035460136794362995,-0.0032635492706219,6.970066612822062,0.017334783770502318,100.0316935850385,0.8936305466681351,-0.0013311305716170452,-0.15214232334780528,2.532426768524601,0.0024870327262889323,0.006150364773346073,0.3594726741755361,76.44276900645026
220,4.199339974904826,-0.0003265708412358,24.13396954428516,0.0,1.6538540573335014,0.20263336348465577,10.91487942295644,1.6651255418334068,0.009259655638296756,-0.005679558280460429,4.199378714394598,24.181957068873608,-0.005159811414744642,-0.00045730418158562713,0.3583061889250814,218,-0.001991155666790867,0.07757524240131454,-0.001991155666790867,0.0037994509437082997,6.945095455619112,0.0013713819882397926,99.98428511678158,0.8908512057704356,0.0006600250951738218,-0.1370702865656246,2.5391236646813904,0.00019746049525211926,0.00045730418158562713,0.35431286276079144,68.66779311901001
224,4.198916244859707,-0.0014616756597739,23.980294072799666,0.0,1.642653782130131,0.21383363868802618,11.518184087333559,1.6587614664362387,0.011811445200748276,-0.007369325036346197,4.199272887113928,24.190885450830578,-0.011200275203370413,-0.006040463788625772,0.36482084690553745,222,-0.0004237300451190862,0.12737783506512268,-0.0004237300451190862,-0.0011351048185381,6.897365650466446,0.006137453672540659,99.9741963061835,0.8848181591266644,0.001083755140292908,-0.17671858148962688,2.5561784781055397,0.0008898257658886916,0.006040463788625772,0.343112587557421,30.634299722757774
228,4.198537488587242,-0.0013078063273911,23.975074779018826,0.0,1.6378578430223698,0.2186295777957874,11.776518135492509,1.6514191854431306,0.010903795374270909,-0.0068077152536185626,4.1991819911631145,24.169393323277568,-0.004795939107761216,0.006404336095609198,0.3713355048859935,226,-0.00037875627246553023,0.17189449035956098,-0.00037875627246553023,0.00015386933238279994,6.876607554906057,0.005490873893363133,99.96517829969622,0.8822348186450749,0.0014625114127584382,-0.16321548227977214,2.5634321723792595,0.000798485859418532,0.006404336095609198,0.3383166484496598,70.54231524794919
232,4.198943932259475,0.0003975082052715,24.03839834090525,0.0,1.6327350407099108,0.22375238010824638,12.052458723886119,1.6452229183888316,0.010971312096694202,-0.006855387038780214,4.1994137542365735,24.091309684295958,-0.005122802312458985,-0.0003268632046977693,0.3778501628664495,230,0.0004064436722330811,0.12412363039300457,0.0004064436722330811,0.0017053145326626,6.8557628921763065,0.0016691146665481188,99.9748555299875,0.8794754127611388,0.0010560677405253571,-0.16479252441927766,2.571724025983898,0.00024346155093153633,0.0003268632046977693,0.3331938461372008,65.04132422343372
236,4.199579806494986,-0.0020146823504058,24.08228910360418,0.0,1.6277528915533617,0.22873452926479554,12.320823006923034,1.6389707229498547,0.010012998343063016,-0.006212107298049973,4.199063489421247,24.042005168122618,-0.004982149156549154,0.00014065315590983118,0.38436482084690554,234,0.0006358742355114799,0.049386929747459035,0.0006358742355114799,-0.0024121905556773,6.835878173331321,0.008460819315266054,99.98999539273777,0.8767917699307697,0.0004201935050138772,-0.14960176389424887,2.5799860828306285,0.0012377077386010308,0.00014065315590983118,0.32821169698065167,65.87753330291397
240,4.198782234828033,-0.0006652624807247,24.04361103107677,0.0,1.622125485521159,0.23436193529699811,12.623944157602446,1.6326250085873866,0.00809241112209916,-0.0051161544686952,4.1989519414058885,24.023933465480937,-0.005627406032202575,-0.0006452568756534216,0.39087947882736157,238,-0.0007975716669532673,0.14312854025398966,-0.0007975716669532673,0.0013494198696811003,6.8109516712680405,0.002793292285564497,99.97100559114364,0.8737605584239755,0.0012177651719671445,-0.12301082802021264,2.5884447734196354,0.0004101177662657605,0.0006452568756534216,0.3225842909484491,57.32379876313796
244,4.19910517813207,0.0010876117348046,24.00795354679432,0.0,1.6113256603765849,0.24516176044157234,13.205678513756325,1.6263593842366775,0.010231619666366093,-0.006367392048032161,4.198989728060361,24.02946536027987,-0.010799825144574227,-0.005172419112371651,0.3973941368078176,242,0.0003229433040372598,0.10517179394879936,0.0003229433040372598,0.0017528742155292999,6.766125924144395,0.0045669960674152,99.97869471743024,0.8679432148624368,0.0008948218679298847,-0.15286805250338367,2.605994108695999,0.0006749794666277536,0.005172419112371651,0.31178446580387487,28.86939942361138
248,4.198510853141954,-0.0068178861445106,23.99346277596251,0.0,1.6065631397488385,0.24992428106931874,13.462212469997597,1.6201004435819713,0.010983501431340971,-0.006877103309892152,4.1989844009713035,24.033142959668606,-0.004762520627746403,0.006037304516827824,0.40390879478827363,246,-0.0005943249901161352,0.17502505484833536,-0.0005943249901161352,-0.0079054978793152,6.745172778493313,0.02862496897321391,99.96454412242748,0.865377875300024,0.0014891468580460199,-0.1650055222723459,2.6133494222943066,0.004243771051274382,0.006037304516827824,0.30702194517612846,64.46627094640206
252,4.198732430468704,-0.0019442750784626,23.98660963888346,0.0,1.6015142233917594,0.2549731974263978,13.734173179262948,1.6138562801183407,0.010879060900879109,-0.006803968209552513,4.1989421006131495,24.022785219264247,-0.005048916357079047,-0.0002863957293326447,0.41042345276872966,250,0.0002215773267497667,0.14898223472083458,0.0002215773267497667,0.004873611066048,6.724329707611881,0.008163490825693002,99.96981977306437,0.8626582682073706,0.0012675695312962532,-0.16320412943790896,2.6217265942080976,0.00121402298528759,0.0002863957293326447,0.3019730288190494,59.809473451794325
256,4.198799630396931,0.0004630793702298,23.92821519902996,0.0,1.590369231400328,0.2661181894178293,14.334500004344253,1.6063795480877339,0.011751956253737853,-0.0073323945226487774,4.198786065393539,23.991970438349405,-0.011144991991431485,-0.006096075634352438,0.4169381107491857,254,6.71999282273461e-05,0.1410839733369785,6.71999282273461e-05,0.0024073544486924,6.677641740998348,0.0019443774885653281,99.97141977135551,0.8566549999565575,0.001200369603068907,-0.17545111406212852,2.640141388235905,0.0002911772694583989,0.006096075634352438,0.29082803682761793,26.094952517795697
260,4.198753541225669,-0.0026167855431647,23.878754027011198,0.0,1.5857889968242211,0.27069842399393607,14.581215092458791,1.5991122503483464,0.010774995089008378,-0.006726723545323799,4.198780326673066,23.95899903753629,-0.00458023457610679,0.006564757415324696,0.4234527687296417,258,-4.6089171262586603e-05,0.14650100771781407,-4.6089171262586603e-05,-0.0030798649133944997,6.658337166052399,0.010987237565990918,99.97032241013495,0.8541878490754121,0.0012464587743314937,-0.1606257769464917,2.647737845094334,0.0016501473704289807,0.006564757415324696,0.28624780225151114,62.496319237610415
264,4.200309982421394,-0.003732178429836,23.91102327504336,0.0,1.5849430707374117,0.2715443500807455,14.626781040136294,1.5938357324205117,0.00970556716256096,-0.005896536459039181,4.199021287530931,23.939612983186098,-0.0008459260868094454,0.0037343084892973444,0.42996742671009774,262,0.0015564411957251778,-0.03643340481384054,0.0015564411957251778,-0.0011153928866713004,6.657252201587967,0.015676306315017954,100.0073805338427,0.8537321895986371,-0.00030998242139368415,-0.1409922205142276,2.650133029994039,0.0023547712840560034,0.0037343084892973444,0.2854018761647017,337.3839400569187
266,4.201124089732316,-0.0027233905589956,24.47294963967077,0.0,1.5955263892495937,0.26096103156856354,14.056708849314884,1.5916283823206627,0.00695164704735522,-0.0017401828947247733,4.199543934849002,24.035510355927748,0.010583318512181972,0.011429244598991417,0.43322475570032576,264,0.0008141073109220187,-0.13211851201241726,0.0008141073109220187,0.0010087878708404004,6.7030043496800875,0.011441301683145973,100.02676404124561,0.8594329115068512,-0.0011240897323157029,-0.042587408346415875,2.6330646224586634,0.0017068915796976962,0.011429244598991417,0.29598519467688367,27.967144174692343
270,4.198150316653697,0.0009448323951727,23.823313591520908,0.0,1.5747301747801037,0.2817572460380535,15.17690035916767,1.5862715725983318,0.007707854744975891,-0.0021540720815075966,4.199427512086002,24.00285114645524,-0.020796214469489982,-0.031379532981671954,0.43973941368078173,268,-0.002973773078618791,0.21740027008722718,-0.002973773078618791,0.0036682229541682996,6.610953981897224,0.003966548418978941,99.95595992032612,0.8482309964083233,0.0018496833463030882,-0.05131713469649566,2.6659489885242906,0.0005999963741754278,0.031379532981671954,0.2751889802073937,13.232647730726283
274,4.198524048997099,0.0001764713828169,23.405971076202263,0.0,1.5649019950937946,0.29158542572436263,15.706296873041047,1.581178125337025,0.011702522261514003,-0.005198689941816115,4.199372395806035,23.898402321889698,-0.009828179686309113,0.010968034783180869,0.44625407166123776,272,0.00037373234340165595,0.17347409615143242,0.00037373234340165595,-0.0007683610123557999,6.570278660724837,0.000740919344716528,99.96485830945473,0.8429370312695895,0.0014759510029014322,-0.12168038641229162,2.68293098363994,0.00011276832886031494,0.010968034783180869,0.26536080052108457,26.999994809897345
278,4.198840869468569,-0.000426376679965,23.506583211337613,0.0,1.5597659473370362,0.296721473481121,15.982950929468476,1.575973515439588,0.014573756542448569,-0.008097864095655005,4.199389861454614,23.823968158754983,-0.005136047756758355,0.004692131929550758,0.4527687296416938,276,0.00031682047147008063,0.13623698948427207,0.00031682047147008063,-0.0006028480627819,6.549209006484107,0.0017902878296253623,99.97240165401354,0.8401704907053152,0.0011591305314313516,-0.19035311619861758,2.6919685460739693,0.00027335939773075966,0.004692131929550758,0.2602247527643262,50.66634211527825
282,4.198119631667182,-0.0022932880319585,23.98624197921992,0.0,1.5594815668184234,0.2970058539997338,15.998269132835965,1.5708812146557904,0.015095126115350873,-0.008705387230540795,4.198951791303772,23.839011899590293,-0.00028438051861279234,0.004851667238145563,0.4592833876221498,280,-0.000721237801386998,0.22100679245191937,-0.000721237801386998,-0.0018669113519935,6.546890180883519,0.009627497508032375,99.95522932540909,0.8400173086716404,0.0018803683328183496,-0.20880952463456265,2.691996956547538,0.0014705451354818848,0.004851667238145563,0.2599403722457134,914.0582959539637
286,4.198320288264955,0.0015269109055117,24.332016492731967,0.0,1.55468935359061,0.3017980672275473,16.256402485859255,1.5627138075239935,0.00762742367162606,-0.004550207065435874,4.198391031010301,23.810825270202535,-0.004792213227813535,-0.004507832709200743,0.46579804560260585,284,0.00020065659777301903,0.1974228646202577,0.00020065659777301903,0.0038201989374702,6.527083855128986,0.006410461032982783,99.9600068634513,0.8374359751414074,0.0016797117350453306,-0.11071571336153122,2.7004239004845476,0.0009821324768097533,0.004507832709200743,0.2551481590178999,53.242238374754486
290,4.1980467610750285,-0.0020843610710276,24.21167795659843,0.0,1.5488741079890418,0.3076133128291154,16.56964164581033,1.5575425941657812,0.006044570511402075,-0.003713236795593189,4.1983703198945665,23.888498143218037,-0.0058152456015680976,-0.0010230323737545621,0.4723127035830619,288,-0.00027352718992634806,0.22957154838552987,-0.00027352718992634806,-0.0036112719765393,6.502245932356371,0.008750245243138293,99.9534943113102,0.8343035835418967,0.0019532389249716786,-0.0899036934714938,2.7103860406870006,0.0013457265895766052,0.0010230323737545621,0.2493329134163318,42.875732256106
294,4.199047008209673,-0.0021796366841931,24.000428061078125,0.0,1.538236598942558,0.3182508218755993,17.14263281866707,1.552209514935534,0.008979133168473163,-0.005366615561833821,4.198474911737081,24.00738954019321,-0.010637509046483862,-0.004822263444915764,0.4788273615635179,292,0.0010002471346446384,0.11200872464040675,0.0010002471346446384,-9.527561316550028e-05,6.459127788708371,0.00915239689774509,99.97730971927793,0.8285736718133293,0.0009529917903270402,-0.12880107072325497,2.729779678299331,0.0014169710210324375,0.004822263444915764,0.23869540436984793,22.439031856687038
298,4.197669918520713,-0.0009351231872496,23.66809609847637,0.0,1.527914258251028,0.3285731625671293,17.698647396292433,1.545839177118332,0.01277451698724817,-0.007958737178284303,4.198240721547511,24.039692117620962,-0.01032234069153004,0.0003151683549538209,0.48534201954397393,296,-0.0013770896889599982,0.273863277157518,-0.0013770896889599982,0.0012445134969435003,6.413679719939228,0.003925338473228858,99.94452186954078,0.8230135260370757,0.0023300814792870383,-0.18836815635814952,2.747320339379318,0.0006120259577392885,0.0003151683549538209,0.2283730636783179,22.12415483105577
302,4.197600624105256,-0.0045122635109441,23.85390035974786,0.0,1.5285252629756445,0.3279621578425127,17.665735526394204,1.5396479163497765,0.011986986836982155,-0.0073288030967944675,4.198136920035125,24.013223793726546,0.000611004724616615,0.010933345416146656,0.49185667752442996,300,-6.92944154572217e-05,0.28200771153654064,-6.92944154572217e-05,-0.0035771403236945004,6.416138597827215,0.018940680129666328,99.94287200250609,0.8233426447360579,0.00239937589474426,-0.1748205388271468,2.74617680569676,0.002952037248085705,0.010933345416146656,0.2289840684029345,374.7664448038668
306,4.197985718630326,-0.0002363432084929,24.243768997381085,0.0,1.522647325284378,0.33384009553377925,17.98235160605911,1.5332395106885301,0.010394570222326179,-0.006216490137624109,4.198070006108199,23.995574294656375,-0.005877937691266544,-0.006488942415883159,0.498371335504886,304,0.00038509452507007325,0.23674609747342298,0.00038509452507007325,0.0042759203024512,6.392051726054484,0.0009921654139484638,99.95204091976966,0.8201764839394089,0.002014281369674187,-0.15071115087105666,2.7570308954151854,0.00015521861469054184,0.006488942415883159,0.22310613071166796,37.95653210872917
310,4.198164128530042,-0.0056856956821905,24.30453859448875,0.0,1.5174859938489869,0.33900142696917035,18.260367571990972,1.526961887860519,0.007727843791095739,-0.004676814315379208,4.198093479599202,24.01414642223444,-0.005161331435391103,0.0007166062558754405,0.504885993485342,308,0.00017840989971595889,0.21577690809189679,0.00017840989971595889,-0.0054493524736976,6.370655264923577,0.023869483658710305,99.95628877452481,0.8173963242800902,0.001835871469958228,-0.11366781402739143,2.766525783794367,0.003746786267047625,0.0007166062558754405,0.21794479927627686,42.22646850032446
313,4.222920057935785,-0.0044305888153094,24.116835091267607,0.0,1.605818899130659,0.2506685216874982,13.502301113197317,1.5404783478981394,0.036799164173153466,0.014477001263260458,4.202868089544424,24.037427828272335,0.08833290528167215,0.09349423671706325,0.509771986970684,311,0.024755929405743338,-2.6938809800140215,0.024755929405743338,0.0012551068668811005,6.781244838551221,0.018710022376636014,100.54571566513775,0.8649769888680269,-0.02292005793578511,0.34913945208212527,2.6297610896359136,0.002759083740830292,0.09349423671706325,0.306277704557949,3.4673115707142643
316,4.200423045909808,-0.0030127602786096,24.72670353176169,0.0,1.5638491446744425,0.29263827614371474,15.763008833894956,1.547665325182822,0.037238382470968785,0.015381933724387698,4.203418715022243,24.2491493149294,-0.041969754456216535,-0.13030265973788868,0.5146579804560261,314,-0.022497012025977092,-0.04972218365666658,-0.022497012025977092,0.0014178285366998,6.56882798761687,0.012654867706073419,100.0100725216621,0.8423699116610505,-0.0004230459098080175,0.38034451494814153,2.6859515575488837,0.0019265031341861223,0.13030265973788868,0.26430795010173247,6.297581520936998
320,4.198372063670128,-0.0044185607614797,24.73538913848975,0.0,1.5480915247767786,0.3083958960413786,16.61179561914123,1.5515785775430488,0.03572135377068507,0.009725154981025686,4.203573002935218,24.42544707067778,-0.015757619897663888,0.026212134558552647,0.5211726384364821,318,-0.0020509822396803656,0.19133750569059063,-0.0020509822396803656,-0.0014058004828700998,6.499464209627319,0.01855076206262538,99.96123961119352,0.8338820438085877,0.0016279363298723482,0.24055549288779224,2.711966312376458,0.0028541986638140264,0.026212134558552647,0.24855033020406858,15.773342155620652
324,4.198353213898968,-5.876385637750972e-05,24.501974007826995,0.0,1.5323755631868592,0.324111857631298,17.458338472795113,1.5535242251235453,0.03397378085161206,-0.0027948235678135758,4.203646501988946,24.477088072766957,-0.01571596158991939,4.1658307744496526e-05,0.5276872964169381,322,-1.8849771159956674e-05,0.1935529904920554,-1.8849771159956674e-05,0.00435979690510219,6.433453870605791,0.0002467114252836153,99.96079080711829,0.8254166152720489,0.0016467861010323048,-0.06847869441503054,2.7397677924122683,3.8348207703925646e-05,4.1658307744496526e-05,0.2328343686141492,14.815152562061169
328,4.197873789078739,-0.001873466605924,24.26614354111412,0.0,1.5269528268489705,0.3295345939691867,17.75043505675682,1.555417591723542,0.031647401350154473,-0.018920572605096032,4.203588434098686,24.469409062092033,-0.005422736337888701,0.010293225252030691,0.5342019543973942,326,-0.0004794248202291129,0.2499016004379931,-0.0004794248202291129,-0.0018147027495464903,6.409955248988979,0.007864576359722666,99.94937593044617,0.8224956494324318,0.0021262109212614178,-0.4591293307153318,2.7491836782813373,0.001226931554781622,0.010293225252030691,0.2274116322762605,41.93669360011728
332,4.197955644238241,0.0004012028792378,24.1488106351578,0.0,1.5169573017136326,0.3395301191045246,18.288845660742105,1.5376452722401366,0.018478754483660688,-0.011492238384942777,4.198595551359176,24.47580417087007,-0.009995525135337857,-0.0045727887974491566,0.5407166123778502,330,8.185515950209776e-05,0.2402808543684801,8.185515950209776e-05,0.0022746694851618,6.368119466797157,0.0016842318913809558,99.95132486281526,0.817111543392579,0.00204435576175932,-0.2775238885320749,2.767352541496069,0.000264478689535019,0.0045727887974491566,0.21741610714092263,21.751344146219665
336,4.197918434710392,-0.0034667657808078,24.208608644018938,0.0,1.511897596014269,0.3445898248038881,18.56138753970263,1.5272549625081022,0.014163021287055655,-0.008780611899824552,4.198094629119293,24.37218519332152,-0.005059705699363537,0.00493581943597432,0.5472312703583062,334,-3.720952784913578e-05,0.24465423071983683,-3.720952784913578e-05,-0.0038679686600456,6.346822789702625,0.01455319998007623,99.95043892167598,0.8143861246029738,0.0020815652896084558,-0.2125663971378682,2.7765891326086694,0.0022929898095922904,0.00493581943597432,0.2123564014415591,41.970109342183974
340,4.197739340034368,-0.0015236194927525,24.228213693022468,0.0,1.5065638960681105,0.34992352475004673,18.848688163792396,1.5189494367663685,0.010623250466843074,-0.006667856507219882,4.197968084392142,24.270750104228064,-0.005333699946158621,-0.000273994246795084,0.5537459283387622,338,-0.00017909467602361673,0.26570390444725484,-0.00017909467602361673,0.0019431462880553,6.324162534800556,0.006395757483970378,99.94617476272305,0.8115131183620761,0.0022606599656320725,-0.16155025233133372,2.786300236577946,0.001011320858497208,0.000273994246795084,0.20702270149540047,38.81408845364466
344,4.19785490446139,-0.0001015625085492,24.2593353339824,0.0,1.5015453526671363,0.3549420681510209,19.11901282878595,1.5127833946624238,0.009797381007968665,-0.006120835400919056,4.197868422504626,24.222222369459143,-0.005018543400974185,0.00031515654518443625,0.5602605863192183,342,0.0001155644270216527,0.25212118084367313,0.0001155644270216527,0.0014220569842033,6.303269522964945,0.00042634467462266106,99.94892629669975,0.8088098717121405,0.00214509553861042,-0.14848739851500597,2.795689718598845,6.763865531520476e-05,0.00031515654518443625,0.2020041580944263,40.25155148707369
348,4.197306756122815,-0.0019878036760575,24.228985806758885,0.0,1.4908444050400238,0.3656430157781334,19.695421131213152,1.5055617103006345,0.010046610504510174,-0.006257803669435047,4.197755015913442,24.2147908225881,-0.01070094762711249,-0.0056824042261383045,0.5667752442996743,346,-0.0005481483385745278,0.3165471254747605,-0.0005481483385745278,-0.0018862411675083,6.257531293602391,0.008343421799361914,99.93587514578131,0.8030457886878685,0.0026932438771849476,-0.1516202362882254,2.8153888775603866,0.0013333408029284819,0.0056824042261383045,0.1913032104673138,17.87722145117483
352,4.197528212001444,-0.0040036229239021,24.27409668200787,0.0,1.485868384561201,0.37061903625695614,19.96345529201721,1.499343926870148,0.010821286332994971,-0.006777791393422272,4.197669529466082,24.23984803195811,-0.004976020478822729,0.00572492714828976,0.5732899022801303,350,0.0002214558786288734,0.2905185796036272,0.0002214558786288734,-0.0020158192478445997,6.236974463516653,0.016805320173294776,99.94114790479628,0.8003654470798279,0.0024717879985560742,-0.16452476357441306,2.8249663668838587,0.0026944667276734805,0.00572492714828976,0.18632718998849107,37.44502073121974
356,4.19743662221161,0.0011188537018346,24.263811999299516,0.0,1.480413677976106,0.3760737428420513,20.257273958598383,1.4930471432625154,0.010850267817043395,-0.006797740428994436,4.197573166966325,24.250888703014226,-0.00545470658509517,-0.00047868610627244124,0.5798045602605864,354,-9.158978983414556e-05,0.30128347354451307,-9.158978983414556e-05,0.005122476625736699,6.213942587959892,0.004696317502977579,99.93896719551452,0.7974272604140162,0.00256337778839022,-0.16493909578915864,2.8353133213075847,0.0007557709837997447,0.00047868610627244124,0.1808724834033959,33.1589757545575
360,4.197717228550219,-0.0044862514223868,24.253757559853845,0.0,1.4752095869031632,0.38127783391499404,20.537593179433678,1.4867762814295262,0.010121394625119629,-0.006310225859186414,4.1975687446694945,24.255997476380504,-0.005204091072942729,0.00025061551215244116,0.5863192182410424,358,0.0002806063386087132,0.26830275069611365,0.0002806063386087132,-0.0056051051242214,6.192512698665859,0.018832014887360995,99.94564829881473,0.7946240682056632,0.0022827714497815066,-0.15304668813662772,2.845505659546509,0.003041094270411144,0.00025061551215244116,0.17566839233045317,33.75582592007156
364,4.192454851360723,-0.0005811615438406,24.344257833007877,0.0,1.4859035988304024,0.37058382198775486,19.9615584696199,1.4836479306621793,0.005989026083367637,-0.0020540410077280803,4.196488734049362,24.272981976185598,0.010694011927239178,0.015898103000181907,0.5928338762214984,362,-0.005262377189495737,0.8868098181808282,-0.005262377189495737,0.0039050898785462002,6.229583751570877,0.002436493533898811,99.82035360382673,0.800384415303801,0.007545148639277244,-0.05000410389170371,2.821485091402111,0.0003911165867678422,0.015898103000181907,0.18636240425769235,17.426799738552813
367,4.202845001527377,-0.0037487917776897,25.05822714016358,0.0,1.4960918298136696,0.3603955910044876,19.412767733468435,1.4846974156169084,0.007762538614710727,0.0025936811359233538,4.197596383130274,24.438830242866537,0.010188230983267266,-0.0005057809439719119,0.5977198697068404,365,0.010390150166654344,-0.33438377530215796,0.010390150166654344,-0.0031676302338491,6.287842068758329,0.015755590784630086,100.06773813160422,0.8058723226653156,-0.0028450015273771,0.06499305103312489,2.809215930315467,0.0025057230465302333,0.0005057809439719119,0.19655063524095961,19.291929635651798
371,4.197952808231904,-0.00340141923912,24.85067433400367,0.0,1.4808005946928984,0.37568682612525883,20.23643262606611,1.4836838576432478,0.00790103741914562,0.002165607634409139,4.197681302376367,24.554145773265695,-0.01529123512077124,-0.025479466104038506,0.6042345276872965,369,-0.0048921932954728575,0.24061418090501557,-0.0048921932954728575,0.0003473725385697,6.216331014922527,0.014278997446837832,99.95125733885486,0.7976356737393389,0.0020471917680957574,0.053816810057933595,2.834921071261802,0.002297013690641728,0.025479466104038506,0.18125940012018837,11.853810283380577
375,4.198017952345714,-0.0025466834751663,24.688453043463287,0.0,1.4697543268466824,0.3867330939714748,20.83144165884199,1.481551987417363,0.01012816578966766,-0.0016013524250465538,4.197797568403187,24.63907398209845,-0.011046267846215985,0.004244967274555256,0.6107491856677525,373,6.514411380997842e-05,0.23295754715460187,6.514411380997842e-05,0.0008547357639536999,6.170055049640164,0.0106910229476903,99.95280838918367,0.7916855834115801,0.001982047654285779,-0.039534914151797905,2.856271878683594,0.0017327273195583235,0.004244967274555256,0.1702131322739724,15.409107822084968
379,4.192162800008929,-0.0006100749254884,24.44423653381348,0.0,1.4539012274845928,0.4025861933335644,21.685371461129748,1.477290315533649,0.016154319959433287,-0.009034224565860626,4.19668668269493,24.677169776890377,-0.015853099362089562,-0.0048068315158735775,0.6172638436482085,377,-0.005855152336785352,0.921135716657576,-0.005855152336785352,0.0019366085496779002,6.09499064074823,0.0025575334078506893,99.8134000002126,0.7831462853887026,0.007837199991071131,-0.22083472218748554,2.883388995593481,0.00041961236014904246,0.0048068315158735775,0.15436003291188283,9.736899352376037
383,4.196993378341778,-0.0004798042286805,24.382815275144992,0.0,1.454146206723569,0.4023412140945881,21.67217561416471,1.4709388371122825,0.018052721028866223,-0.01107906133885066,4.19759438809114,24.684881265317802,0.0002449792389762617,0.016098078601065824,0.6237785016286646,381,0.004830578332849278,0.3533795997320033,0.004830578332849278,0.00013027069680789994,6.103042000759634,0.0020137351706724428,99.92841377004234,0.7832782438583529,0.003006621658221853,-0.2701387060471962,2.886225166999057,0.00032995597448318343,0.016098078601065824,0.1546050121508591,631.0943441449754
387,4.197603515102162,-0.000555807234916,24.71534698579929,0.0,1.455023751906683,0.4014636689114741,21.624906498668782,1.462725221530885,0.012113034682263829,-0.006716180569554387,4.196546090806097,24.616305234444944,0.0008775451831140035,0.0006325659441377418,0.6302931596091205,385,0.0006101367603834618,0.2816679217506763,0.0006101367603834618,-7.600300623550002e-05,6.107612815560628,0.0023330584030026146,99.94294083576575,0.7837509350133122,0.0023964848978383912,-0.16599273319581978,2.8849037753518214,0.0003819918638356677,0.0006325659441377418,0.1554825573339731,177.17897645137444
391,4.196406678544622,-0.0001817476146958,24.85143118542252,0.0,1.449042163761236,0.40744525705692114,21.947105727081055,1.4563735353445526,0.007837247679961247,-0.004030180174880238,4.1962368648686414,24.616456604728715,-0.0059815881454470254,-0.006859133328561029,0.6368078175895765,389,-0.001196836557539882,0.42233664290204387,-0.001196836557539882,0.0003740596202202,6.080770213500401,0.0007626869041190097,99.9144447272529,0.7805289427291895,0.0035933214553782733,-0.10015574528089034,2.895986592724212,0.000125426036067883,0.006859133328561029,0.14950096918852607,24.99352438738547
395,4.197098662004674,-0.0023177023013478,24.593120256300985,0.0,1.4386709371480566,0.4178164836701006,22.505753552909514,1.4501568574048274,0.006833571237648331,-0.003556462363540547,4.196053006800433,24.59739004729625,-0.010371226613179463,-0.004389638467732437,0.6433224755700325,393,0.0006919834600518371,0.3410052131674147,0.0006919834600518371,-0.0021359546866520003,6.038243865369118,0.009727625227912005,99.93092052392079,0.7749424644709049,0.002901337995326436,-0.0874645065935611,2.9173444417559273,0.0016110023783077788,0.004389638467732437,0.1391297425753466,13.414974695331066
399,4.196909312093871,0.0003119115091499,24.385017614303333,0.0,1.433445432156979,0.42304198866117826,22.78722623796411,1.4460656983393048,0.009596279193823335,-0.005775436389180677,4.197002309217422,24.585546263394225,-0.005225504991077656,0.0051457216221018065,0.6498371335504886,397,-0.00018934991080232777,0.3632602233731849,-0.00018934991080232777,0.0026296138104977,6.016040482598049,0.001309064317300468,99.92641219271123,0.7721277376203589,0.003090687906128764,-0.14083411808045926,2.9278472817612364,0.00021759566297584884,0.0051457216221018065,0.13390423758426895,25.625128635970142
403,4.197105220217278,-0.0030855282897445,24.645152954522292,0.0,1.4333958900838095,0.4230915307343477,22.789894829876655,1.441915635011353,0.009714275511020406,-0.005885245525000427,4.1970246775925215,24.638013799269682,-4.954207316942849e-05,0.005175962917908228,0.6563517915309446,401,0.0001959081234064186,0.3402344016691826,0.0001959081234064186,-0.0033974397988943998,6.016113372908748,0.01295028689201473,99.93107667183995,0.7721010517012334,0.0028947797827223454,-0.14504277613855338,2.928085150273367,0.002152600207025912,0.005175962917908228,0.13385469551109952,
407,4.196244829545076,-0.0010432966240278,24.932873139487384,0.0,1.42806487344776,0.4284225473703973,23.077050917026455,1.4365238593195682,0.007939351935349186,-0.004722962769119943,4.196752940481105,24.6815190300073,-0.005331016636049624,-0.005281474562880195,0.6628664495114006,405,-0.0008603906722015608,0.4413593671347583,-0.0008603906722015608,0.0020422316657167,5.992509841460106,0.004377928064258489,99.91059117964467,0.7692294908297355,0.0037551704549239062,-0.11775703156498958,2.9384133085033683,0.000730566687428549,0.005281474562880195,0.1285236788750499,24.108662127584015
411,4.19680260180666,-0.0026043659488016,24.80499313708629,0.0,1.4229203181741186,0.43356710264403864,23.35416323224883,1.4312994902021445,0.006000238721075421,-0.0036881796657095125,4.196832125133512,24.672231420340058,-0.005144555273641327,0.0001864613624082967,0.6693811074918566,409,0.0005577722615841552,0.3758022864820522,0.0005577722615841552,-0.0015610693247738003,5.9717156934767015,0.010930009789987228,99.92387147158715,0.7664583676775117,0.003197398193339751,-0.09148527129626566,2.949429105905219,0.0018302964091084907,0.0001864613624082967,0.12337912360140857,23.982466323873428
415,4.196227405416926,-0.0037231710863752,24.578577776974136,0.0,1.417429032731308,0.43905838808684927,23.649952225011873,1.427051109318795,0.0069249389629698534,-0.004250837076103298,4.196657873815963,24.669322924474688,-0.005491285442810634,-0.000346730169169307,0.6758957654723127,413,-0.0005751963897342449,0.44340729072851015,-0.0005751963897342449,-0.0011188051375735997,5.947854552380719,0.015623272547703524,99.91017631945061,0.7635004777498813,0.003772594583073996,-0.10447952969225023,2.9604497357663306,0.0026267072286510554,0.000346730169169307,0.11788783815859794,21.46816795199391
419,4.196558172556389,-0.0058679102079495,24.357810301716302,0.0,1.412409228794446,0.4440781920237111,23.92034478897816,1.4228438686462883,0.008318834787875533,-0.005260916329517884,4.1965876459084654,24.66388146195728,-0.005019803936861855,0.0004714815059487787,0.6824104234527687,417,0.0003307671394630063,0.40453097949450384,0.0003307671394630063,-0.0021447391215743,5.9272574920914,0.024625026538997535,99.91805172753307,0.7607965521102183,0.0034418274436109897,-0.12814440196759824,2.971205573428841,0.004154539695947769,0.0004714815059487787,0.11286803422173608,22.484550321360928
423,4.196870541112335,0.0001370298364325,24.616751003686066,0.0,1.412578792940193,0.44390862787796426,23.911211188402934,1.418680449217565,0.006785432282627738,-0.004148325039480638,4.196540710087477,24.658201071790035,0.00016956414574686995,0.005189368082608725,0.6889250814332247,421,0.0003123685559458522,0.36781712327413335,0.0003123685559458522,0.006004940044382,5.928410323090716,0.000575096483777001,99.92548907410321,0.7608878881159706,0.0031294588876651375,-0.10211828457925103,2.971070047269233,9.70068622843198e-05,0.005189368082608725,0.11303759836748295,666.6362034827139
427,4.196795527524874,-0.0011321848227625,25.02927805207996,0.0,1.4075983731469897,0.44888904767116755,24.179482318999035,1.4145871491574111,0.005812439892979309,-0.003549412984537281,4.1966508496834365,24.67748205430855,-0.0049804197932032945,-0.0051499839389501645,0.6954397394136808,425,-7.501358746075937e-05,0.3766337535404842,-7.501358746075937e-05,-0.0012692146591949999,5.907402556974575,0.004751548200501202,99.92370303630652,0.7582051768100097,0.003204472475125897,-0.0888392445116466,2.9815291119881255,0.0008043379733604385,0.0051499839389501645,0.10805717857427966,21.696399713482727
431,4.189287343772767,-0.0020457588547026,25.159494190646395,0.0,1.4333920485221476,0.4230953722960096,22.79010175622686,1.4166814952270168,0.009967308275036819,0.0027115175934222966,4.1951477980766585,24.748382265020574,0.025793675375157976,0.03077409516836127,0.7019543973941368,429,-0.007508183752107378,1.2590989489130169,-0.007508183752107378,-0.0009135740319401,6.004891167538353,0.008570271678416673,99.74493675649445,0.7720989824377315,0.010712656227233275,0.06822041113954376,2.922638888705986,0.0014272151549967178,0.03077409516836127,0.13385085394943763,5.189289699999485
433,4.201144545237731,-0.0042538983897597,25.21215090210571,0.0,1.4382550176792908,0.41823240313886645,22.528157123442867,1.4208466922166134,0.013923924248089819,0.0072504833351644035,4.196131226040819,24.875096890046883,0.004862969157143127,-0.02093070621801485,0.7052117263843648,431,0.011857201464963829,-0.13452272482584157,0.011857201464963829,-0.0022081395350571,6.042317222184148,0.01787124201613453,100.02725107708883,0.7747184287655713,-0.0011445452377305543,0.18280027995936762,2.9210011392948414,0.0029576802009866204,0.02093070621801485,0.13871382310658076,28.52451221139796
437,4.196925753814179,-0.003571417492859,24.852009021918743,0.0,1.4173547174485526,0.43913270336960464,23.653955229929764,1.4218357899474348,0.013338048892556895,0.004020849354902034,4.196204742292378,24.973936634087373,-0.02090030023073819,-0.025763269387881316,0.7117263843648208,435,-0.004218791423551416,0.36132776588375526,-0.004218791423551416,0.0006824808969007,5.948532515949849,0.014988974053402404,99.92680366224236,0.7634604477007024,0.0030742461858208614,0.09992618444380151,2.961097671703005,0.0025197767706929977,0.025763269387881316,0.11781352287584257,5.636929688817272
441,4.196901090271507,-0.0012993452478782,24.475953784901723,0.0,1.406981663677643,0.4495057571405141,24.212701475909604,1.4207163640949247,0.01449397888341439,-0.0017270750012288172,4.196210852124212,24.945777190330507,-0.010373053770909468,0.01052724645982872,0.7182410423452769,439,-2.4663542672165306e-05,0.364226565210112,-2.4663542672165306e-05,0.0022720722449808,5.9049628782807195,0.00545322348745912,99.92621643503587,0.757872985240904,0.0030989097284930267,-0.04227180791313562,2.982911006317897,0.0009234983521262835,0.01052724645982872,0.1074404691049331,10.357650840126047
445,4.196688955833435,-0.0020447392506862,24.345219404030782,0.0,1.4012037783587623,0.4552836424593949,24.523928218094287,1.4194374451372793,0.016130583084557993,-0.009564989432841831,4.196189537785924,24.80896546072067,-0.005777885318880793,0.004595168452028675,0.7247557003257329,443,-0.00021213443807255317,0.3891595269648632,-0.00021213443807255317,-0.0007453940028079998,5.880416421510297,0.008581134630913909,99.92116561508178,0.7547607178190571,0.00331104416656558,-0.23286176633977035,2.9950596912813348,0.0014592732921982373,0.004595168452028675,0.10166258378605231,17.595119697831745
449,4.196339302740304,-0.0022597676929503,24.326630542911904,0.0,1.3967008232726328,0.4597865975455244,24.766480633781814,1.4120992000873762,0.016535996029240035,-0.009925932790310621,4.197599929579431,24.64239273117377,-0.004502955086129523,0.0012749302327512702,0.7312703583061889,447,-0.00034965309313061965,0.4302555756671233,-0.00034965309313061965,-0.00021502844226410026,5.861030558868689,0.009482751984990129,99.91284054143581,0.7523351936621818,0.0036606972596961995,-0.24146449978366114,3.0044654036272362,0.0016179325273507044,0.0012749302327512702,0.09715962869992278,21.57685938267608
453,4.196181412764837,0.0001462777060492,24.280281649900346,0.0,1.391284788852726,0.4652026319654312,25.058216217830097,1.4027051543220632,0.010020343066181589,-0.006242069759666347,4.196607303084852,24.4560188807327,-0.00541603441990679,-0.0009130793337772669,0.737785016286645,451,-0.00015788997546728467,0.4488129808463711,-0.00015788997546728467,0.0024060453989995,5.83808337084626,0.0006138077912255316,99.90908125630563,0.749417837821699,0.003818587235163484,-0.15155921184302465,3.0160477900610627,0.00010513857926228227,0.0009130793337772669,0.091743594280016,16.939256135967263
457,4.195770804194879,-0.0012989468563685,24.239023397259928,0.0,1.3862287677978349,0.4702586530203223,25.33055962281062,1.39647996439192,0.00813519768387539,-0.005142478126565275,4.196376313160992,24.333421755800934,-0.005056021054891113,0.0003600133650156767,0.744299674267101,455,-0.0004106085699575601,0.4970733569736245,-0.0004106085699575601,-0.0014452245624177,5.816298191861198,0.005450083296151671,99.89930486178284,0.7466944037718939,0.004229195805121044,-0.12464864762971312,3.0267520784901087,0.0009370364304529684,0.0003600133650156767,0.08668757322512488,17.145413811373416
461,4.195456241846729,-0.0004390472010894,24.12349712975845,0.0,1.3804366761974138,0.47605074462074337,25.64255158868499,1.3911709668958738,0.00822951853941158,-0.005200625979749485,4.196087343476036,24.262930424772282,-0.005792091600421045,-0.0007360705455299321,0.750814332247557,459,-0.0003145623481497495,0.534045057877841,-0.0003145623481497495,0.0008598996552791,5.791561669626592,0.0018420033202758593,99.89181528206498,0.7435744841131501,0.004543758153270794,-0.12545728589543395,3.0392239746944716,0.0003180495046674728,0.0007360705455299321,0.08089548162470384,13.966540449536966
465,4.19654355365607,0.0015529074887594,24.053006415445992,0.0,1.3752364150256224,0.48125100579253477,25.9226645112654,1.385977494229246,0.008504289319557006,-0.005377692914933285,4.196058263040564,24.204487827055324,-0.005200261171791398,0.0005918304286296472,0.757328990228013,463,0.0010873118093401857,0.4062491940657792,0.0010873118093401857,0.0019919546898488,5.771239512228859,0.006516843911377496,99.91770365847785,0.740773354887346,0.003456446343930608,-0.12934968218318876,3.0515070047631645,0.0011291931131204576,0.0005918304286296472,0.07569522045291244,14.556042081793512
469,4.194357133255019,-0.0023492524050638,24.06286320276633,0.0,1.3705128024895008,0.4859746183286564,26.177102676757517,1.3807398900726198,0.008311079437233328,-0.005253632549866283,4.195661829143507,24.15173435902621,-0.004723612536121635,0.000476648635669763,0.7638436482084691,467,-0.0021864204010508814,0.6632274420792628,-0.0021864204010508814,-0.0039021598938232,5.7484201493391645,0.009853603582995857,99.86564602988139,0.7382289732324249,0.0056428667449814895,-0.12641744136503283,3.0604290055781154,0.0017141411600070018,0.000476648635669763,0.0709716079167908,15.024858066589577
473,4.195863681881766,-0.0035323738644654,24.086387020526896,0.0,1.37050855662704,0.48597886419111713,26.177331380836687,1.3765846436274825,0.006772205961517553,-0.004136429604950265,4.195598282966893,24.11295543315152,-4.245862460727778e-06,0.0047193666736609075,0.7703583061889251,471,0.0015065486267475947,0.4861570916276129,0.0015065486267475947,-0.0011831214594016002,5.7504670784595975,0.014821359208738717,99.90151623528014,0.7382266861916331,0.004136318118233895,-0.09963164434799726,3.061537749321471,0.0025774183221146233,0.0047193666736609075,0.07096736205433007,
477,4.19558455466442,-0.0024410973080125,24.009281472194747,0.0,1.3647355108681518,0.4917519099500054,26.488297439327084,1.3722859922415458,0.0058832790981491676,-0.003613018905710641,4.195561033060801,24.067007048138485,-0.005773045758888262,-0.0057687998964275344,0.7768729641693811,475,-0.0002791272173459092,0.5189639677672402,-0.0002791272173459092,0.0010912765564528998,5.725863230600475,0.010241830161930142,99.89487034915287,0.7351170256067291,0.004415445335579804,-0.08674598787156783,3.0742840068662645,0.0017886962628089309,0.0057687998964275344,0.06519431629544181,11.292880572628015
481,4.186574613062876,0.0023505638634883,24.7195455297238,0.0,1.375392016895762,0.48109540392239514,25.914282990960185,1.3712770603812152,0.00437538325455863,-0.0005466087881069726,4.19378470730403,24.18621672813155,0.010656506027610257,0.01642955178649852,0.7833876221498371,479,-0.009009941601544114,1.5779364354389434,-0.009009941601544114,0.0047916611715008006,5.758181300945144,0.009840810997263109,99.68034793006848,0.7408571700903982,0.013425386937123918,-0.013511920824557457,3.0439137072439237,0.001709013746345195,0.01642955178649852,0.07585082232305207,7.117794718693719
483,4.200346502821317,-0.0025073897257194,24.843079939814476,0.0,1.3861115151535393,0.47037590566461795,25.336875455763792,1.373452080406799,0.008020394521633,0.0036080885596798894,4.194545297137079,24.344231433005252,0.010719498257777182,6.299223016692501e-05,0.7866449511400652,481,0.013771889758440459,-0.04072578535713255,0.013771889758440459,-0.0048579535892077,5.822148655195525,0.010531905665635583,100.0082500671742,0.746631245442362,-0.0003465028213165411,0.08963603251805757,3.0303092189202725,0.001808937952183203,6.299223016692501e-05,0.08657032058082925,8.075967596526356
485,4.1981749992980655,5.250370937290936e-05,24.581003847390768,0.0,1.369850003583894,0.4866374172342631,26.21280444872614,1.3733195206256774,0.00808632573261336,0.0020058898199095455,4.195308870345689,24.447859561930137,-0.01626151156964517,-0.026981009827422353,0.7899022801302932,483,-0.002171503523251239,0.21449922566636462,-0.002171503523251239,0.0025598934350923096,5.75087003783427,0.0002204197600597596,99.9565476023349,0.7378719555127385,0.001825000701934698,0.04930678538063851,3.06469685608973,3.832807185863095e-05,0.026981009827422353,0.07030880901118408,4.32363305896035
489,4.195715092938243,-0.000260846921853,24.340286688400784,0.0,1.3647827949260758,0.4917046258920814,26.485750475776793,1.3721743682854846,0.0089438799336902,-0.0005447445196020029,4.195279152556984,24.498639495504914,-0.0050672086578182896,0.011194302911826881,0.7964169381107492,487,-0.002459906359822739,0.5036213113917998,-0.002459906359822739,-0.0003133506312259093,5.726239771253775,0.0010944393669651143,99.89797840329149,0.7351424952422321,0.004284907061757437,-0.013259237779047911,3.074273143343301,0.00019112705906226555,0.011194302911826881,0.06524160035336579,12.875254357782035
493,4.195755769877104,-0.006175418265897,24.03013803682012,0.0,1.3543220466259964,0.5021653741921608,27.049220401981266,1.3700916754370536,0.011849606475817759,-0.006346866076699475,4.195313395599522,24.50281080842999,-0.01046074830007937,-0.00539353964226108,0.8029315960912052,491,4.067693886167234e-05,0.49884039712746164,4.067693886167234e-05,-0.005914571344044,5.682404541402794,0.0259105468205418,99.89894690183581,0.7295077959801873,0.004244230122895765,-0.15251606792429934,3.0980487841351563,0.0045597856737854435,0.00539353964226108,0.05478085205328642,5.236800511954845
497,4.195911764444989,-0.0056371247064643,24.401718287950963,0.0,1.3546417018378962,0.501845718980261,27.03200212146316,1.3659416124254802,0.013097190959921566,-0.007846758358918371,4.197180825875944,24.43924536007542,0.0003196552118998053,0.010780403511979175,0.8094462540716613,495,0.0001559945678843988,0.4805057663605306,0.0001559945678843988,0.0005382935594327003,5.68395705334941,0.02365287787349706,99.90266105821402,0.7296799787853684,0.004088235555011366,-0.19147438694795052,3.0974328922195653,0.004161340005121789,0.010780403511979175,0.05510050726518623,172.37481265425848
501,4.195824004004723,0.0021588281176431,24.647812199908287,0.0,1.354703921319241,0.5017834994989163,27.028650658875968,1.3596600936586207,0.007216629743351093,-0.004043325761748595,4.196276326112625,24.400191812094185,6.221948134466082e-05,-0.00025743573055514446,0.8159609120521173,499,-8.776044026603813e-05,0.490820582382929,-8.776044026603813e-05,0.0077959528241074,5.684099231390596,0.00905806283652725,99.90057152392197,0.7297134934112404,0.004175995995277404,-0.0996591340386305,3.097225849851188,0.0015935792933564296,0.00025743573055514446,0.05516272674653089,
505,4.196258226051591,-0.0010362199823789,24.40715882292003,0.0,1.349314997503458,0.5071724233146992,27.31892592577802,1.3555530924425336,0.005638449136069327,-0.0030553720151991204,4.19589297146333,24.365422807200037,-0.005388923815782931,-0.005451143297127592,0.8224755700325733,503,0.00043422204686827115,0.4397848251244418,0.00043422204686827115,-0.003195048100022,5.662074157808667,0.004348246625056494,99.91091014408549,0.7268107407422197,0.003741773948409133,-0.07457295003807017,3.1099174275952097,0.0007679600273443522,0.005451143297127592,0.04977380293074796,9.236315938438732
509,4.196612664794988,-0.0033491608436626,24.071743981632668,0.0,1.3441891937970554,0.5122982270211018,27.595028184749626,1.3514343722167292,0.004644887986753081,-0.0025592409992320373,4.196072485834679,24.311714265846412,-0.005125803706402587,0.0002631201093803437,0.8289902280130294,507,0.00035443874339691206,0.39812630087061535,0.00035443874339691206,-0.0023129408612837,5.641041394569287,0.014055130812949934,99.91934916178542,0.7240497181525037,0.0033873352050122207,-0.06160539412081137,3.1220401742260915,0.002491584413204451,0.0002631201093803437,0.04464799922434537,8.710438749064078
513,4.195850781215982,0.0004247245512592,23.873389284419225,0.0,1.3389913790695755,0.5174960417485817,27.875009329205163,1.3483682387054452,0.006815120671327586,-0.004181537305882688,4.1960914881024545,24.280364515366237,-0.005197814727479821,-7.2011021077234e-05,0.8355048859934854,511,-0.0007618835790061951,0.48767335560407427,-0.0007618835790061951,0.0037738853949218004,5.618208023910543,0.0017820808402025216,99.90120907657098,0.7212499067079483,0.004149218784018416,-0.099827467910659,3.1335905867680425,0.0003171973755009,7.2011021077234e-05,0.03945018449686555,7.589763499706945
517,4.196002392961924,-0.0021156621548648,24.1748787384492,0.0,1.3389145230206971,0.5175728977974601,27.8791491929078,1.3452228029420055,0.0068251565718896985,-0.004190241503096992,4.196109613805841,24.23499660546588,-7.685604887841535e-05,0.005120958678601406,0.8420195439739414,515,0.00015161174594258142,0.46985385445422045,0.00015161174594258142,-0.002540386706124,5.618088542566318,0.008877323464511682,99.90481888004581,0.7212085080709221,0.003997607038075834,-0.10129858022218688,3.133883695200655,0.001580132352356369,0.005120958678601406,0.03937332844798713,
521,4.196207586734141,-0.0015204670284324,24.28632352426044,0.0,1.3340066759761655,0.5224807448419917,28.14351118047078,1.3410833538733904,0.005843067567546299,-0.003589131383094313,4.1961863303517255,24.16269887033631,-0.004907847044531621,-0.004830990995653206,0.8485342019543974,519,0.00020519377221628332,0.44573665537298524,0.00020519377221628332,0.0005951951264324001,5.597768934485178,0.006380195280087151,99.90970444605097,0.7185648881952922,0.003792413265859551,-0.08716680594090481,3.145567156673745,0.0011397746771542889,0.004830990995653206,0.03446548140345551,7.022525578065302
525,4.195534582569042,-0.0011152567417503,24.01310273031714,0.0,1.3286444309174914,0.5278429899006658,28.432349391737034,1.336949240556197,0.00587533269800602,-0.0036074228852537972,4.196041601655216,24.083887651815736,-0.005362245058674109,-0.0004543980141424875,0.8550488599348535,523,-0.000673004165098412,0.5248373768854819,-0.000673004165098412,0.00040521028668209997,5.5743736578521,0.004679098228456655,99.89368053735814,0.7156765060826297,0.004465417430957963,-0.0866254163352965,3.1577557433269248,0.0008393944352592233,0.0004543980141424875,0.029103236344781402,5.427434969183895
529,4.1957439573980455,-0.0034490545422466,23.715060546682704,0.0,1.323170899227622,0.5333165215905351,28.727182075680407,1.3327455816423104,0.006840141861914279,-0.004191105178711263,4.195867860175826,24.012550964825742,-0.005473531689869304,-0.00011128663119519544,0.8615635179153095,527,0.00020937482900329485,0.5002287624078963,0.00020937482900329485,-0.0023337978004962998,5.551686305039234,0.014471349754367454,99.89866565233442,0.712728179243196,0.004256042601954668,-0.09939231307065305,3.1709765985990455,0.0026066584023726074,0.00011128663119519544,0.023629704654912098,4.31708556628021
533,4.19586805747139,0.0010256679093697,23.57702261502623,0.0,1.3181691588445197,0.5383182619736375,28.996601643355046,1.3285811375972991,0.008274951779645556,-0.005232650510089832,4.195871315426908,23.953277630947145,-0.005001740383102415,0.00047179130676688885,0.8680781758957655,531,0.00012410007334473505,0.4856428120521702,0.00012410007334473505,0.0044747224516163,5.530863867939651,0.004303567218497785,99.90162041598548,0.7100339835664495,0.004131942528609933,-0.1233703194129165,3.1831028888199775,0.0007781003693553108,0.00047179130676688885,0.018627964271809683,3.72429651381773
537,4.195347750909715,-0.0021256198928303,23.959878308016872,0.0,1.3184664436640334,0.5380209771541238,28.98058834769896,1.3244915217259665,0.006815473149417447,-0.004155573669723589,4.195740387016466,23.91027754486068,0.0002972848195137434,0.005299025202616159,0.8745928338762216,535,-0.0005203065616754543,0.5467964074837773,-0.0005203065616754543,-0.0031512878022,5.531425229075833,0.008917714636674548,99.88923216451701,0.7101941165230105,0.0046522490902853875,-0.0995670394265763,3.1819905398963324,0.0016121911202557253,0.005299025202616159,0.018925249091323426,63.66032790466287
541,4.196065828878837,-0.0015553044571721,23.967802824849823,0.0,1.318293040102702,0.5381943807154552,28.98992875902558,1.3213487945512739,0.004590807133768586,-0.002540723719316751,4.195712035445405,23.846573404978557,-0.0001734035613314422,-0.0004706883808451856,0.8811074918566775,539,0.000718077969121822,0.46239799153718564,0.000718077969121822,0.0005703154356582001,5.531644378023746,0.006526159886242797,99.90632925901991,0.7101007124097442,0.0039341711211635655,-0.06089556513700298,3.1829537904197243,0.0011797865951343669,0.0004706883808451856,0.018751845529991984,108.13991008033483
545,4.184534803011309,-0.000242480697365,23.59435393515375,0.0,1.323872422244268,0.5326149985738893,28.6893944231071,1.320394392816629,0.0028674907997739436,0.00015269272914739674,4.193512079533859,23.76282364594588,0.005579382141565947,0.0057527857028973894,0.8876221498371335,543,-0.011531025867527411,1.81768301531903,-0.011531025867527411,0.0013128237598071001,5.539790225628022,0.0010146689171822952,99.63178102407879,0.7131060557689289,0.015465196988690977,0.0036026862948282464,3.160829346318402,0.0001831601695833648,0.0057527857028973894,0.02433122767155793,4.3609179393345805
548,4.201240476440081,9.683399988467804e-05,24.237681569505877,0.0,1.3601216766554785,0.49636574416267876,26.736822377386726,1.3277845483022002,0.018237092125697577,0.008931101420215203,4.1946113833422665,23.86734785051051,0.03624925441121052,0.03066987226964457,0.8925081433224755,546,0.016705673428771384,-0.1457978813775474,0.016705673428771384,0.00033931469724967804,5.714198240848543,0.00040682291981110347,100.02953515333526,0.7326317762261327,-0.001240476440080407,0.2164691922881378,3.08887105363314,7.119510081097419e-05,0.03066987226964457,0.06058048208276845,1.6712200862270206
552,4.195703567262997,-0.0009213388038717,24.167374158398008,0.0,1.3395306867947354,0.5169567340234218,27.845959429964683,1.3320568538922433,0.01792079236943822,0.008395712281418045,4.194578485300587,23.985418159184867,-0.020590989860743036,-0.056840244271953555,0.8990228013029316,550,-0.00553690917708316,0.5049759675367435,-0.00553690917708316,-0.001018172803756378,5.620273681042924,0.0038656645060623144,99.89770398245231,0.7215404057003532,0.004296432737002753,0.20290232003128725,3.132219073907585,0.000687807164818526,0.056840244271953555,0.03998949222202541,1.9420869269750771
556,4.195744519551191,-0.0022296613117201,23.98739486311109,0.0,1.3290286565120697,0.5274587643060875,28.41165301694506,1.3341692964618506,0.016483156992418476,0.00371294973692029,4.194657839028883,23.99092147020371,-0.01050203028266572,0.010088959578077317,0.9055374592833876,554,4.095228819345209e-05,0.5001626904254256,4.095228819345209e-05,-0.0013083225078483998,5.576264701886998,0.009355089229104928,99.89867903693312,0.7158834698305494,0.004255480448809301,0.08906399144639143,3.1570007907599145,0.0016776623293975235,0.010088959578077317,0.029487461939359694,2.807786794143096
560,4.196363050482315,-0.0015853742292519,23.876504321833465,0.0,1.3236741274998955,0.5328132933182617,28.700075602098607,1.3352455139412893,0.01532220360286159,-0.0031489609632153527,4.194717283349578,23.97266176960044,-0.005354529012174147,0.005147501270491572,0.9120521172638436,558,0.0006185309311241838,0.42746441385151324,0.0006185309311241838,0.0006442870824681997,5.554617199519979,0.006652805836819552,99.91340596386465,0.7129992439790139,0.0036369495176851174,-0.07518618004749623,3.1702387795463247,0.001197707348292962,0.005147501270491572,0.024132932927185546,4.507013198045338
564,4.1957929878569455,0.0005044117258712,23.800482246729,0.0,1.318633896753293,0.5378535240648643,28.971568459528335,1.3341978088430944,0.01643312108196394,-0.009883211909921096,4.196968920318706,24.013887431915485,-0.0050402307466026475,0.00031429826557149987,0.9185667752442996,562,-0.0005700626253695162,0.49446602738156187,-0.0005700626253695162,0.0020897859551231002,5.532714857547946,0.002116407182403201,99.89983304421298,0.7102843154047167,0.004207012143054634,-0.23522520960273766,3.1819241096317343,0.0003825259817096693,0.00031429826557149987,0.0190927021805829,3.788061130624283
568,4.195797286482793,-0.0036731750831835,23.75244046991811,0.0,1.3134751321324272,0.54301228868573,29.24944616357398,1.324868499938484,0.010029858654172238,-0.006250586908339328,4.1958802823272485,23.916839211997935,-0.00515876462086573,-0.0001185338742630826,0.9250814332247557,566,4.298625847276583e-06,0.49396079364949114,4.298625847276583e-06,-0.0041775868090547,5.511075395263866,0.015411898046797535,99.89993539244745,0.7075055383642602,0.004202713517207357,-0.14846669344237937,3.1944246098294338,0.002796531881970311,0.0001185338742630826,0.013933937559717169,2.701022160103675
572,4.196349384378125,0.0012419846962382,23.77068333600904,0.0,1.3132020634442203,0.5432853573739369,29.264155053337777,1.3196027752683812,0.006798510756981058,-0.004185218150316717,4.196009445750273,23.837501047520142,-0.0002730686882068678,0.004885695932658862,0.9315960912052117,570,0.000552097895332615,0.4290706426948462,0.000552097895332615,0.0049151597794217,5.510654670498238,0.005211801715466223,99.91308058043155,0.7073584494666222,0.003650615621874742,-0.09948549534329615,3.1955092831426777,0.0009457681577051181,0.004885695932658862,0.013660868871510301,50.02722560838348
576,4.195609431921248,-0.0028269901067769,23.69874029857621,0.0,1.3077959946944353,0.5486914261237219,29.55535383492729,1.3153562429048544,0.006026330533167872,-0.0037188098919993086,4.195982428224285,23.779770134613166,-0.005406068749784998,-0.00513300006157813,0.9381107491856677,574,-0.0007399524568771909,0.5160400498089486,-0.0007399524568771909,-0.0040689748030151,5.4870012103688035,0.011860946355941218,99.89546266479162,0.7044464616507271,0.004390568078751933,-0.08813110985026787,3.2081528380132,0.0021616445670774686,0.00513300006157813,0.008254800121725303,1.5269506371064188
580,4.195339917236225,-0.0022930101617346,23.681325932299053,0.0,1.3030329186405918,0.5534545021775654,29.811917709286558,1.3112280011329935,0.005973521886857292,-0.0036881093663394095,4.195777801575067,23.74073445670628,-0.004763076053843518,0.00064299269594148,0.9446254071661238,578,-0.000269514685022898,0.5477171287173788,-0.000269514685022898,0.0005339799450423,5.466666017045697,0.00961995706215346,99.88904564848156,0.7018808229071345,0.004660082763774831,-0.08733931997824848,3.219673008424895,0.0017597484521932234,0.00064299269594148,0.003491724067881785,0.7330817371820406
584,4.19540205700612,-0.0012619970357437,23.75348711820252,0.0,1.3033573559038203,0.5531300649143369,29.794441842787794,1.3081726929630988,0.0050783137272791806,-0.003040469726084227,4.195699615404902,23.73133543100099,0.0003244372632285053,0.005087513317072023,0.9511400651465798,582,6.21397698949977e-05,0.5404136068549307,6.21397698949977e-05,0.0010310131259909,5.468108131972945,0.005294584959694745,99.89052516681238,0.7020555815721221,0.004597942993879833,-0.07222175847182644,3.2189192304030816,0.0009682663239112663,0.005087513317072023,0.0038161613311102904,11.762401436676278
588,4.195685302232799,-0.0008797801261589,23.791068115787706,0.0,1.3034100438655642,0.553077376952593,29.79160379707021,1.3061596753097264,0.004400648991017629,-0.0024022677947927117,4.195677218554904,23.739060960174907,5.2687961743957956e-05,-0.00027174930148454735,0.9576547231270358,586,0.00028324522667855234,0.5071227255244,0.00028324522667855234,0.00038221690958480006,5.468698363829356,0.0036912805445214144,99.89726910078092,0.7020839620292979,0.004314697767201281,-0.057152516738276524,3.2190064224068142,0.0006749833870772611,0.00027174930148454735,0.0038688492928542484,
592,4.195561297751176,-0.0005753449741509,23.837597031961703,0.0,1.2978870806495706,0.5586003401685866,30.089099118291387,1.3030966787507965,0.003514032524852865,-0.0019440702864756965,4.195519601229514,23.752443699365436,-0.005522963215993659,-0.005575651177737617,0.9641693811074918,590,-0.00012400448162264155,0.521697440623971,-0.00012400448162264155,0.00030443515200799997,5.445364804424598,0.002413895106403167,99.89431661312324,0.6991090088170862,0.0044387022488239225,-0.046341964090818,3.2326088766145733,0.0004432935520576641,0.005575651177737617,-0.0016541139231394109,
596,4.196066962029683,-0.002348877612773,23.75127102411842,0.0,1.2980735056918902,0.558413915126267,30.07905730275151,1.3011521809502873,0.0028998722861348055,-0.0015389101151652928,4.195611107251201,23.76294984447388,0.00018642504231958235,0.005709388258313242,0.9706840390879479,594,0.0005056642785064014,0.46226480803825215,0.0005056642785064014,-0.0017735326386221,5.446803351519789,0.009856047748807936,99.90635623880196,0.6992094269724849,0.003933037970317521,-0.03655107122704816,3.2325341697757892,0.0018095104803183065,0.005709388258313242,-0.0014676888808198285,
600,4.196640912532072,-0.0031723450500138,23.74142414166957,0.0,1.293463613844243,0.5630238069739142,30.327369884671164,1.2992383199910178,0.004210095252215733,-0.0025124022292828617,4.19587130631037,23.774969486347985,-0.004609891847647152,-0.004796316889966734,0.9771986970684039,598,0.0005739505023889535,0.3948062376372986,0.0005739505023889535,-0.0008234674372408,5.428202320730335,0.013313193025556514,99.92002172695408,0.6967263011532884,0.0033590874679285676,-0.05964800693988058,3.2444986218510086,0.0024525970549611528,0.004796316889966734,-0.00607758072846698,
604,4.1956235749123225,-0.0052270061973178,23.80397851847974,0.0,1.288003392619118,0.5684840281990393,30.621485598243776,1.296167527334077,0.005766452692562602,-0.0035236769298220283,4.19591560989161,23.785067766403426,-0.005460221225125128,-0.0008503293774779763,0.9837133550488599,602,-0.0010173376197490924,0.5143777706488245,-0.0010173376197490924,-0.0020546611473040003,5.403977398639823,0.021930550427679375,99.89579940267434,0.6937851440175623,0.00437642508767766,-0.0838775299435462,3.2574631394259317,0.00405822393579945,0.0008503293774779763,-0.011537801953592108,
608,4.195862008850563,-0.0005545264293171,23.849121770252687,0.0,1.2874525221379407,0.5690348986802165,30.651158327237244,1.2929760229885523,0.005137525584962606,-0.0030939230096032055,4.195950951215163,23.796678497296423,-0.0005508704811771903,0.004909350743947938,0.990228013029316,606,0.00023843393824041215,0.48635372930411047,0.00023843393824041215,0.004672479768000701,5.401973125837424,0.0023267163776751767,99.90147640120387,0.6934884167276276,0.004137991149437248,-0.07378734660381352,3.2590421290898743,0.0004307160223634924,0.004909350743947938,-0.012088672434769299,
612,4.18482689434833,-0.0038126960802469,24.93410482186201,0.0,1.3090153642307354,0.5474720565874218,29.489672294474794,1.2952016797047856,0.008859330076046149,0.0015872625371388116,4.193804070534594,24.015980055276486,0.021562842092794687,0.022113712573971878,0.996742671009772,610,-0.011035114502233156,1.7833524172275625,-0.011035114502233156,-0.0032581696509297996,5.478002701347956,0.015955473096593686,99.63873557972214,0.705103277055252,0.015173105651670404,0.03957697048083377,3.1969272544082115,0.0029126442549339323,0.022113712573971878,0.009474169658025389,0.4393748104843388
614,4.201968615940368,-0.0008565579794345,25.09329713312876,0.0,1.3250793286429356,0.5314080921752216,28.624384211611254,1.3006028442949946,0.016221240277054856,0.008424340120900275,4.194984401316731,24.284385277078552,0.01606396441220026,-0.005498877680594427,1.0,612,0.017141721592038195,-0.23137886708520441,0.017141721592038195,0.0029561381008123997,5.567941752588948,0.003599229747317064,100.04687180810399,0.7137561578838875,-0.0019686159403677905,0.21139446980428847,3.1711072123083865,0.0006464201507933369,0.005498877680594427,0.02553813407022565,1.5897778042156234
