Cycle,Voltage_measured,Current_measured,Temperature_measured,Capacity,capacity_fade_total,capacity_fade_percent,capacity_rolling_mean_5,capacity_rolling_std_5,capacity_trend_5,voltage_rolling_mean_5,temp_rolling_mean_5,capacity_velocity,capacity_acceleration,cycle_normalized,cycles_from_start,voltage_change,internal_resistance,voltage_drop,current_change,energy_discharged,power_avg,voltage_efficiency,discharge_capacity_ratio,resistance_proxy,temp_capacity_interaction,voltage_capacity_ratio,power_to_energy_ratio,degradation_acceleration_abs,remaining_capacity,estimated_cycles_to_eol
12,4.188815807948604,-0.0050555682941469,24.522297376927863,1.8356616600675493,0.0208257607506079,1.121783025140563,1.837449227961008,0.004976628226079,-0.0022034865316121,4.188707080280628,24.626669781037634,0.0010161518555076,0.0016331712255788,0.019543973941368,10,0.0005172831875492,1.314520335353951,0.0005172831875492,0.0029252985097416,7.689248579736127,0.0211768443886862,99.73370971306198,0.9887821697485945,0.0111841920513962,-0.0540345519942491,2.281910604263785,0.0027540850278263,0.0016331712255788,0.5361204654948393,527.5987664530853
14,4.18839163793879,-0.002633435144531,24.58487828579781,1.8351461429226603,0.0213412778954968,1.149551440865231,1.8352130066015544,0.0003704100775041,-6.970116058768738e-07,4.188430765099064,24.604095051051328,-0.0005155171448889,-0.0015316690003965,0.022801302931596,12,-0.0004241700098139,1.364374638730131,-0.0004241700098139,0.0024221331496159,7.686310759412894,0.0110298577384077,99.72361042711404,0.9885044855913476,0.0116083620612101,-1.7135945494271415e-05,2.2823204866225764,0.0014350002340069,0.0015316690003965,0.5356049483499503,1000.0
16,4.188927891511958,0.0022276160569156,24.7136287992798,1.8257567905665533,0.0307306302516037,1.6553104484845191,1.833294525870184,0.004229286214928,-0.00185108393205,4.188578996203196,24.599967578116413,-0.0093893523561068,-0.0088738352112178,0.0260586319218241,14,0.0005362535731681,1.3013467308047035,0.0005362535731681,0.0048610512014466,7.647963543121593,0.0093313230323936,99.73637836933231,0.9834468955151549,0.011072108488042,-0.045747001172995,2.2943515331043,0.0012201055849417,0.0088738352112178,0.5262155959938435,56.04386501179639
18,4.189029250882121,-0.0021960382833998,24.63521163332469,1.8247738529891333,0.0317135678290239,1.7082565426189462,1.831196790951588,0.0054376884844424,-0.0029648179946812,4.188692622608506,24.596162610935657,-0.0009829375774201,0.0084064147786866,0.0293159609120521,16,0.0001013593701628,1.2894335811873268,0.0001013593701628,-0.0044236543403154,7.644031046416351,0.0091992686052187,99.73879168766956,0.9829174345738104,0.0109707491178792,-0.0730389187532618,2.295642960918219,0.001203457776317,0.0084064147786866,0.5252326584164233,534.3499632956833
20,4.189223427076418,-0.0059760123362068,24.57205766409556,1.824613268496936,0.0318741523212211,1.7169064526800917,1.8291903430085663,0.005691963076203,-0.0032469073074753,4.188877603071578,24.605614751885145,-0.0001605844921972,0.0008223530852229,0.0325732899022801,18,0.0001941761942969,1.2666113196531887,0.0001941761942969,-0.003779974052807,7.643712649741839,0.0250348508793352,99.7434149303909,0.9828309354731992,0.0107765729235822,-0.0797831935892574,2.295951421271522,0.0032752213520455,0.0008223530852229,0.5250720739242261,1000.0
22,4.188916055911241,-0.0035225814810401,24.43671599422777,1.8246195526864504,0.0318678681317068,1.7165679537792184,1.8269819215323468,0.0045886361604284,-0.0022196702542037,4.188897652664106,24.588498475345126,6.284189514316196e-06,0.0001668686817115,0.0358306188925081,20,-0.000307371165177,1.3027378136609782,-0.000307371165177,0.0024534308551667,7.643178140177858,0.0147557981241844,99.73609656931528,0.982834320462208,0.0110839440887593,-0.0542414516028119,2.2957750560897776,0.0019305840912718,0.0001668686817115,0.5250783581137404,1000.0
25,4.189876247266316,-0.0007535800248102,24.7443285138996,1.814201935767392,0.0422854850507652,2.277714601057192,1.822793080101293,0.0048260721560347,-0.0023264009901005,4.189194574529611,24.620388520965484,-0.0104176169190584,-0.0104239011085727,0.0407166123778501,23,0.0009601913550749,1.1898828969824378,0.0009601913550749,0.0027690014562299,7.601281598416366,0.0031574070463666,99.7589582682456,0.977222853989428,0.0101237527336843,-0.0575652303541104,2.3094872542366867,0.0004153782497709,0.0104239011085727,0.514660741194682,49.40292441096976
27,4.189286794768804,0.001858378552761,24.73663909953236,1.8137521577549047,0.042735263063252,2.301941967612069,1.8203921535389636,0.0058586761555842,-0.0032454723198,4.18926635518098,24.624990581016,-0.0004497780124868,0.0099678389065716,0.0439739413680781,25,-0.000589452497512,1.2591634754224397,-0.000589452497512,0.0026119585775712,7.598327963466048,0.0077852807307632,99.74492368497152,0.9769805803238794,0.0107132052311964,-0.0802820774824155,2.309734975011348,0.0010246044614283,0.0099678389065716,0.5142109631821952,1000.0
29,4.188837765892728,-0.0010414987447677,24.44798340505406,1.8134404914735824,0.0430469293445747,2.3187299230718144,1.8181254812358527,0.0059315605858673,-0.0033212948978252,4.189228058183101,24.58754493536187,-0.0003116662813227,0.000138111731164,0.0472312703583061,27,-0.0004490288760754,1.3119395352441792,-0.0004490288760754,-0.0028998772975287,7.596208016883613,0.0043626692752128,99.73423252125542,0.9768127007692818,0.0111622341072719,-0.0811989625453223,2.309884325175139,0.0005743219861167,0.000138111731164,0.5138992969008724,1000.0
31,4.189110301768517,-0.0024120474664846,24.47211924021532,1.8025980036306504,0.0538894171875068,2.9027623124835222,1.813722428262596,0.0077911880310986,-0.0044804542405409,4.189205433121521,24.567557250585825,-0.010842487842932,-0.0105308215616093,0.0504885993485342,29,0.0002725358757889,1.2799073643737506,0.0002725358757889,-0.0013705487217169,7.55128186695652,0.0101043328902052,99.74072147067898,0.9709723768751648,0.010889698231483,-0.1096462104248466,2.323929291684082,0.0013380950503808,0.0105308215616093,0.5030568090579404,46.39680637372075
33,4.18921207304098,0.0025385113330863,24.325417128823226,1.80210690024615,0.0543805205720071,2.929215676992929,1.809219897774536,0.0062773344294389,-0.0035344225166738,4.189264636547469,24.54529747750491,-0.0004911033845003,0.0103513844584317,0.0537459283387622,31,0.0001017712724626,1.267945802323289,0.0001017712724626,0.0049505587995709,7.549407983421629,0.0106343623241164,99.7431445962138,0.9707078432300708,0.0107879269590203,-0.0859763020275968,2.3246190736347407,0.0014086352661651,0.0103513844584317,0.50256570567344,1000.0
35,4.188899969428112,-0.0001220795671048,24.3625933569109,1.802579500826209,0.0539079199919481,2.9037589690853274,1.8068954107862996,0.0061212270100193,-0.0033678905084824,4.189069380979828,24.468950446107176,0.000472600580059,0.0009637039645593,0.0570032573289902,33,-0.0003121036128677,1.304628518782975,-0.0003121036128677,-0.0026605909001911,7.550825215902649,0.000511379094913,99.7357135578122,0.9709624103091468,0.011100030571888,-0.0820505469287578,2.3238364618637557,6.772492810932615e-05,0.0009637039645593,0.5030383062534991,1000.0
37,4.188779799856791,-0.0043107457517728,24.382419922756025,1.8030683142834096,0.0534191065347475,2.8774289518862286,1.804758642092,0.004865194415926,-0.0020762857184786,4.188967981997426,24.398106610751903,0.0004888134572005,1.6212877141486004e-05,0.0602605863192182,35,-0.0001201695713213,1.3187525023900817,-0.0001201695713213,-0.0041886661846679,7.552656132632181,0.0180567647273443,99.73285237754264,0.9712257104811376,0.0112202001432093,-0.0506248702675685,2.3231398204241254,0.0023907833761063,1.6212877141486004e-05,0.5035271197106996,1000.0
39,4.189272591516219,-0.0013923121351757,24.36144926227676,1.802777624719604,0.0537097960985533,2.893086993009805,1.8026260687412043,0.0003503721170673,0.0001320656215166,4.189054947122124,24.380799782196444,-0.0002906895638057,-0.0007795030210062,0.0635179153094462,37,0.0004927916594281,1.260832837345499,0.0004927916594281,0.002918433616597,7.552326891836548,0.0058327750667269,99.74458551229093,0.971069130069902,0.0107274084837811,0.0032173099378692,2.3237877673170035,0.0007723149633567,0.0007795030210062,0.5032364301468939,1000.0
42,4.187614060563439,-0.0036042618843765,24.558714742953534,1.8470259949329195,0.0094614258852376,0.5096412601098055,1.8115116670016584,0.0198561981408202,0.0090036313266933,4.188755698881108,24.39811888274409,0.0442483702133156,0.0445390597771213,0.0684039087947882,40,-0.0016585309527803,1.4557662446247095,-0.0016585309527803,-0.0022119497492008,7.734632026607269,0.0150932577449679,99.70509668008188,0.994903587398902,0.0123859394365615,0.2211176134029828,2.267219883234792,0.0019513866584792,0.0445390597771213,0.5474848003602095,12.372993575149923
46,4.187628781108399,-0.0033381888932268,24.92210633449132,1.847417311283644,0.0090701095345131,0.4885629405727907,1.8205737492091567,0.0243271114311361,0.0133633301564379,4.188439040494592,24.517456723877707,0.0003913163507245,-0.043857053862591,0.0749185667752443,44,1.4720544960766802e-05,1.4540360833748407,1.4720544960766802e-05,0.0002660729911497,7.736297903449283,0.0139790958860529,99.7054471692476,0.995114370594272,0.0123712188916007,0.3330423351416618,2.266747613293015,0.0018069490162497,0.043857053862591,0.5478761167109341,1000.0
50,4.187447226312926,-0.0014962307447162,24.56596639952811,1.8361774213478947,0.0203099994702624,1.0940014590194105,1.8272933333134944,0.0226999502147103,0.011085790069301,4.188148491871555,24.55813133240115,-0.0112398899357493,-0.0116312062864738,0.0814332247557003,48,-0.0001815547954731,1.4753749042332174,-0.0001815547954731,0.0018419581485106,7.688896050041663,0.0062653872818859,99.70112443602204,0.989059985409806,0.0125527736870738,0.2723331463546717,2.280524298811505,0.000814861748827,0.0116312062864738,0.5366362267751847,47.74390406336391
54,4.187344026387161,-0.0038027294170364,24.21658146702539,1.825780747577624,0.0307066732405332,1.6540200001463377,1.831835819972337,0.01852981652886,0.0035157672131015,4.187861337177628,24.524963641255024,-0.0103966737702707,0.0008432161654785,0.0879478827361563,52,-0.000103199925765,1.487504381302435,-0.000103199925765,-0.0023064986723202,7.64517210686185,0.0159233363083941,99.6986672949324,0.9834597999985366,0.0126559736128388,0.0851398631351702,2.2934539275555235,0.0020827963171819,0.0008432161654785,0.526239553004914,50.61614557048944
58,4.187438187636325,0.0013678911872666,24.05499065781757,1.8251136435078368,0.0313737773103204,1.6899536704910152,1.836303023729984,0.0108908883979348,-0.0065461266556185,4.18749445640165,24.463671920363183,-0.0006671040697872,0.0097295697004835,0.0944625407166123,56,9.416124916405975e-05,1.4764372540339046,9.416124916405975e-05,0.005170620604303,7.642550567600787,0.0057279597940913,99.70090922943632,0.9831004632950898,0.0125618123636748,-0.1574670155457949,2.2943438084152072,0.0007494827470784,0.0097295697004835,0.5255724489351268,787.8417667318012
62,4.18774138117799,-0.0045452015201336,24.028778234327,1.825581504220376,0.0309059165977811,1.6647522763262732,1.8320141255874751,0.0097780549340979,-0.0054735391966594,4.187519920524561,24.35768461863788,0.0004678607125392,0.0011349647823264,0.1009771986970684,60,0.000303193541665,1.4408017718966877,0.000303193541665,-0.0059130927074002,7.645063209936831,0.0190341284916565,99.70812812328548,0.9833524772367372,0.0122586188220097,-0.1315224595134252,2.293921893652394,0.0024897280727406,0.0011349647823264,0.526040309647666,1000.0
66,4.188261122540052,-0.0037058225959767,23.93841461307264,1.814031127508391,0.0424562933097663,2.2869152159973023,1.825336888832424,0.0078365182014026,-0.0044491831036255,4.187646388810891,24.160946274354146,-0.0115503767119851,-0.0120182374245243,0.1074918566775244,64,0.0005197413620612,1.3797146065105423,0.0005197413620612,0.0008393789241568,7.597636046420889,0.0155209527057596,99.72050291762028,0.977130847840027,0.0117388774599485,-0.1065063898240661,2.308814363231305,0.0020428660455604,0.0120182374245243,0.5144899329356809,44.54313013027762
70,4.187338767288234,-0.0010441513886458,23.811534187517506,1.8147691941158937,0.0417182267022635,2.2471591368972628,1.8210552433860243,0.0060856523447183,-0.0033105622922906,4.187624697005953,24.01005983195202,0.0007380666075027,0.0122884433194878,0.1140065146579804,68,-0.0009223552518173,1.4881225030633476,-0.0009223552518173,0.0026616712073309,7.599053400201909,0.0043722155885944,99.69854207829128,0.9775284086310274,0.0126612327117658,-0.0788295672027852,2.30736711911632,0.0005753631877989,0.0122884433194878,0.5152279995431837,698.0779164179468
74,4.187560306288175,-0.0003129824916891,23.754765330883423,1.813969388710352,0.0425180321078051,2.290240786499236,1.81869297161257,0.0060851862092447,-0.0033100819699451,4.187667952986155,23.917696604723627,-0.0007998054055415,-0.0015378720130443,0.1205211726384364,72,0.0002215389999404,1.462084187630505,0.0002215389999404,0.0007311688969566,7.596106208985295,0.0013106330587604,99.7038168163851,0.9770975921350076,0.0124396937118254,-0.078630220422036,2.308506600139121,0.000172540117621,0.0015378720130443,0.5144281941376421,643.1916945963847
78,4.18805176248713,0.0015907765842724,23.79768342466196,1.802765665167823,0.0537217556503342,2.8937311962318035,1.814223375944567,0.0080728805364907,-0.0045693416903144,4.187790667956316,23.866235158092504,-0.011203723542529,-0.0104039181369874,0.1270358306188925,76,0.0004914561989552,1.4043214842994365,0.0004914561989552,0.0019037590759614,7.550075921357385,0.0066622546774852,99.71551815445548,0.971062688037682,0.0119482375128701,-0.1087397470052139,2.3231259854825645,0.0008824089647415,0.0104039181369874,0.503224470595113,44.915823626393895
82,4.187667484260542,-0.000675583650671,23.80130098691845,1.804077040117352,0.0524103807008051,2.823093769076433,1.8099224831239624,0.0059610875296179,-0.0031911703730148,4.187775888572827,23.820739708610795,0.001311374949529,0.0125150984920581,0.1335504885993485,80,-0.0003842782265879,1.4494871557187257,-0.0003842782265879,-0.0022663602349434,7.554874760000437,0.0028291196868129,99.70636867287006,0.9717690623092357,0.012332515739458,-0.075954006548663,2.321224310902012,0.0003744760537648,0.0125150984920581,0.504535845544642,384.73805354131343
86,4.2010701773378685,-5.4218711933377765e-05,23.78129749955371,1.8518025516704488,0.0046848691477083,0.252351246508514,1.817476767956374,0.0199615965310751,0.006417436651611,4.19033769953239,23.789316285907013,0.0477255115530967,0.0464141366035677,0.1400651465798045,84,0.0134026930773263,-0.125781984661754,0.0134026930773263,0.0006213649387376,7.77955247414089,0.0002277766137569,100.0254804128064,0.9974764875349148,-0.0010701773378682,0.1526149701965017,2.2686382916732803,2.927888390933952e-05,0.0464141366035677,0.5522613570977388,11.571617341038309
90,4.1996223345495824,-0.0008182048183192,24.204043411413554,1.8307038456739428,0.0257835751442143,1.3888365121726225,1.820663698267984,0.02068032488301,0.0082505800429807,4.192794412984659,23.86781813068622,-0.0210987059965059,-0.0688242175496027,0.1465798045602606,88,-0.001447842788286,0.0443884468590415,-0.001447842788286,-0.0007639861063858,7.688264758238103,0.0034361512292493,99.99100796546624,0.9861116348782738,0.0003776654504177,0.199697397529648,2.293993288140804,0.0004469345603073,0.0688242175496027,0.5311626511012328,25.17512927992812
94,4.199853323702163,-0.0017544679193535,24.0063252333915,1.8199041089501269,0.0365833118680303,1.970566105527825,1.8218506423159384,0.0203680040976091,0.0060903693121198,4.195253016467457,23.918130111187832,-0.0107997367238159,0.01029896927269,0.1530944625407166,92,0.0002309891525804,0.0172394192924691,0.0002309891525804,-0.0009362631010343,7.643330320793414,0.0073685079224256,99.99650770719435,0.9802943389447216,0.0001466762978372,0.1462073864982161,2.3077333047646067,0.0009640441552525,0.01029896927269,0.5203629143774169,48.18292590687831
98,4.199103467081427,-0.0017550171720923,23.53999092882516,1.809307963702852,0.0471794571153052,2.541329210542842,1.8231591020229443,0.0189996346261164,-0.0021436595549322,4.197463357386317,23.866591612020475,-0.0105961452472749,0.000203591476541,0.1596091205211726,96,-0.000749856620736,0.1053729001936872,-0.000749856620736,-5.492527388000195e-07,7.597471343402682,0.0073694986921202,99.9786539781292,0.9745867078945716,0.0008965329185732,-0.0504617264775935,2.3208340157237366,0.0009699936148518,0.000203591476541,0.509766769130142,48.10869964822744
102,4.199998536865001,-0.001823828949723,23.56609574757256,1.80460990458052,0.0518775162376372,2.7943909372019737,1.823265674915578,0.0188668711899035,-0.0115781176150948,4.199929567907209,23.819550564151296,-0.004698059122332,0.0058980861249429,0.1661237785016286,100,0.0008950697835743,0.0001719677827983,0.0008950697835743,-6.881177763070007e-05,7.579358958850273,0.0076600789203286,99.99996516345242,0.9720560906279804,1.4631349989358e-06,-0.272851028293982,2.327371985604439,0.001010649972104,0.0058980861249429,0.50506871000781,107.50582248039171
106,4.19967522099872,-0.0002367698930799,23.978912001702884,1.7993770651972192,0.057110355620938,3.076258690498931,1.812780577620932,0.012554494483532,-0.0077947765323054,4.199650576639379,23.859073464581133,-0.0052328393833007,-0.0005347802609687,0.1726384364820846,104,-0.0003233158662814,0.0381725027357417,-0.0003233158662814,0.0015870590566431,7.556799273942159,0.0009943566530461,99.99226716663618,0.9692374130950108,0.0003247790012803,-0.1869102605410905,2.333960625722668,0.0001315843675344,0.0005347802609687,0.4998358706245092,95.51905457285848
110,4.1991847248803165,8.178123272756054e-05,23.757591205264927,1.7884432335370462,0.068044187281111,3.6652113296369047,1.8043284551935528,0.0116654643999771,-0.0072852649331794,4.199563054705526,23.769783023351405,-0.010933831660173,-0.0057009922768722,0.1791530944625407,108,-0.0004904961184033,0.0958223641732419,-0.0004904961184033,0.0003185511258074,7.510003507584325,0.0003434145032514,99.98058868762658,0.9633478867036308,0.0008152751196837,-0.1730803461045284,2.34795527536845,4.5727608902531326e-05,0.0057009922768722,0.4889020389643361,44.71461187254086
114,4.200012480335,-0.0007122255566129,23.51454265913581,1.7829230484252725,0.0735643723928847,3.962557007817741,1.7969322430885817,0.0110272721029597,-0.0068936501598632,4.199594886032092,23.671426508500268,-0.0055201851117736,0.0054136465483993,0.1856677524429967,112,0.0008277554546838,-0.001466860911749,0.0008277554546838,-0.0007940067893404,7.488299054863068,0.0029913562265877,100.00029715083332,0.9603744299218226,-1.2480335000120135e-05,-0.1621010307612633,2.355689149929701,0.0003994707215445,0.0054136465483993,0.4833818538525625,87.56623991133696
118,4.1992373656547874,-0.0013924037619404,23.28241301826593,1.7730337158018288,0.0834537050163284,4.49524753469917,1.7896773935083776,0.0126611596400877,-0.0079606394329329,4.199621665746765,23.61991092638842,-0.0098893326234437,-0.00436914751167,0.1921824104234527,116,-0.0007751146802128,0.0896352951214148,-0.0007751146802128,-0.0006801782053275,7.445389429960791,0.0058470339052184,99.9818420393997,0.9550475246530082,0.0007626343452127,-0.1853428951670381,2.368391152536963,0.0007853227773002,0.00436914751167,0.4734925212291188,47.879117758326224
122,4.199395781118708,0.0021374370347549,23.439367870877128,1.773037755078937,0.0834496657392203,4.495029958373965,1.7833629636080608,0.0111328052286921,-0.0068088137971781,4.199501114597507,23.594565351049336,4.039277108125461e-06,0.0098933719005518,0.1986970684039088,120,0.0001584154639209,0.0710161272994004,0.0001584154639209,0.0035298407966953,7.445687268442674,0.0089759440661566,99.98561383615971,0.9550497004162604,0.0006042188812918,-0.1595942913563634,2.3684751038658782,0.0012055225719994,0.0098933719005518,0.4734965605062269,47.879117758326224
126,4.199578698026071,-0.0022217707965509,24.020578317587123,1.7678721106662054,0.0886153101519517,4.77327824353902,1.777061972701858,0.0083779480214142,-0.0051027539088017,4.199481810002977,23.602898614226184,-0.0051656444127314,-0.0051696836898396,0.2052117263843648,124,0.000182916907363,0.049517212285797,0.000182916907363,-0.0043592078313058,7.424318056788186,0.0093305013090915,99.98996900062076,0.9522672175646096,0.0004213019739287,-0.1225710999017451,2.3754991510350267,0.0012567485980157,0.0051696836898396,0.4683309160934954,90.66263154684545
130,4.199546957512695,0.0018244735178706,24.25608631932004,1.762315070409309,0.0941723504088483,5.072609130168326,1.7718363400763106,0.007618429948808,-0.004637756116755,4.199554256529452,23.702597637037208,-0.0055570402568965,-0.000391395844165,0.2117263843648208,128,-3.174051337673234e-05,0.053247794709324,-3.174051337673234e-05,0.0040462443144215,7.400924892116183,0.0076619622110359,99.98921327411178,0.9492739086983168,0.0004530424873054,-0.112493812695965,2.3829717103521806,0.0010352709050186,0.000391395844165,0.4627738758365989,83.27704217407411
134,4.194091469340824,-0.0011914767893729,23.99270220171187,1.7676172924938447,0.0888701283243125,4.787004066267645,1.7687751888900247,0.0044775531013402,-0.0021555531285596,4.198370054330617,23.79822954555242,0.0053022220845357,0.0108592623414323,0.2182410423452769,132,-0.0054554881718704,0.6944519253475702,-0.0054554881718704,-0.0030159503072435,7.413548607507758,0.0049971626382264,99.85932069859103,0.9521299593373236,0.0059085306591759,-0.0517175442934992,2.372737292824051,0.0006740581201782,0.0108592623414323,0.4680760979211347,88.27923283076038
136,4.200715235801255,-0.0004582321398921,23.828786239535976,1.762668359743147,0.0938190610750102,5.053579142144902,1.7667021176782884,0.0044120323159302,-0.002099360884394,4.198665628359911,23.907504189806428,-0.0049489327506977,-0.0102511548352335,0.2214983713355048,134,0.0066237664604305,-0.0840643652220639,0.0066237664604305,0.0007332446494808,7.404467834437844,0.0019249027315785,100.0170294238394,0.949464208578551,-0.0007152358012545,-0.0500252217538693,2.383156884039931,0.0002599650338983,0.0102511548352335,0.4631271651704369,93.58122013380384
140,4.1990980807180325,-0.0018000903475638,23.35051297073213,1.7517304870664143,0.1047569337517428,5.642749451303921,1.762440664075784,0.0065397554331508,-0.0031929957865744,4.198606088279775,23.889733209777425,-0.0109378726767326,-0.0059889399260348,0.2280130293159609,138,-0.0016171550832222,0.1060059798281423,-0.0016171550832222,-0.0013418582076717,7.355688126175845,0.0075587559235742,99.97852573138172,0.9435725054869608,0.0009019192819677,-0.0745580895298989,2.3971142317390237,0.0010276069069154,0.0059889399260348,0.4521892924937043,41.34161238278216
144,4.199398534411534,-0.0004477130072591,23.23621418856597,1.7418496047960008,0.1146378160221563,6.174984798530728,1.7572361629017432,0.0103697945055305,-0.0056817736654046,4.198570055556869,23.7328603839732,-0.0098808822704135,0.0010569904063191,0.2345276872964169,142,0.0003004536935016,0.0706925223941936,0.0003004536935016,0.0013523773403047,7.314720677545636,0.0018801253465208,99.9856793907508,0.9382501520146928,0.000601465588466,-0.1320229098602961,2.410884684216668,0.0002570331020694,0.0010569904063191,0.4423084102232908,44.76406034587645
148,4.199122915612965,-0.0034615404296391,23.214801785728056,1.7360913511847138,0.1203960696334434,6.485154075559782,1.751991419056824,0.0133594687715483,-0.0083870637565407,4.198485247176922,23.5246034772548,-0.005758253611287,0.0041226286591264,0.2410423452768729,146,-0.000275618798569,0.1030870408234124,-0.000275618798569,-0.00301382742238,7.290060976357207,0.0145354337414182,99.97911703840391,0.9351484592444022,0.0008770843870351,-0.1947040226723582,2.4187223286075765,0.0019938699811371,0.0041226286591264,0.4365501566120038,75.81294365991491
150,4.190409478081396,-0.0015217240501563,26.6473739461698,1.7936240148573608,0.0628634059607964,3.3861476924574267,1.7571927635295277,0.0227361870936747,0.0046272174346727,4.197748848925036,24.055537826146388,0.0575326636726469,0.0632909172839339,0.2442996742671009,148,-0.0087134375315693,1.127210265232315,-0.0087134375315693,0.0019398163794827,7.516019071972691,0.0063766468827993,99.77165424003324,0.9661385230754256,0.0095905219186045,0.1233031933119603,2.336280872340261,0.0008484074909519,0.0632909172839339,0.4940828202846508,8.587866244050767
154,4.199933846791869,0.0028589701045215,25.700376529166363,1.7831890223273277,0.0732983984908295,3.948230279875896,1.7612968960463635,0.0256385481903867,0.0114691480583186,4.197592571123159,24.429855884072463,-0.0104349925300331,-0.06796765620268,0.250814332247557,152,0.0095243687104735,0.0077752364173866,0.0095243687104735,0.0043806941546778,7.489275930100246,0.0120074853089459,99.99842492361591,0.960517697201241,6.615320813097014e-05,0.294761423567547,2.3552936868747256,0.0016032905478467,0.06796765620268,0.4836478277546177,46.34865107594699
158,4.199365021329158,0.000665107753534,24.83618832123406,1.7673642076278957,0.0891232131902615,4.800636524161567,1.7644236401586595,0.0251284403544069,0.0098126876806403,4.197645959245385,24.72699095417285,-0.0158248146994319,-0.0053898221693988,0.257328990228013,156,-0.0005688254627109,0.0746314415473185,-0.0005688254627109,-0.0021938623509875,7.421807433461709,0.0027930302356054,99.98488146021803,0.9519936347583844,0.0006349786708419,0.2437097591738375,2.376060917837316,0.0003763274998234,0.0053898221693988,0.4678230130551857,29.56262186576996
162,4.19902365945384,0.0011370679832107,24.361616832363048,1.7570177850353066,0.0994696357828506,5.3579482773448674,1.767457276206521,0.0224999940987716,0.001559306047172,4.197570984253845,24.952071482932265,-0.0103464225925891,0.0054783921068428,0.263843648208469,160,-0.0003413618753178,0.1147529921034776,-0.0003413618753178,0.0004719602296766,7.377759249444434,0.0047745753639091,99.97675379652,0.9464205172265512,0.0009763405461598,0.037987216445592,2.3898583697998608,0.0006471579245783,0.0054783921068428,0.4574765904625966,44.21591969288746
166,4.199432142144215,0.0031272458314235,24.019157444608588,1.7468706179837907,0.1096168028343664,5.904527098064482,1.7696131295663364,0.0189851893823828,-0.0119678031039161,4.197632829560096,25.112942614708373,-0.0101471670515158,0.0001992555410732,0.2703583061889251,164,0.0004084826903749,0.066742478633177,0.0004084826903749,0.0019901778482128,7.33586462132846,0.0131326566608663,99.98647957486226,0.9409547290193552,0.0005678578557848,-0.2874565470190366,2.403974340693377,0.0017901988843529,0.0001992555410732,0.4473294234110807,44.08416862953442
170,4.199640922827531,0.0011133741341426,24.01966866535824,1.7417172507457144,0.1147701700724428,6.182114071199223,1.7592317767440069,0.0166173454118543,-0.0103437132807331,4.1994791185093225,24.58740155854606,-0.0051533672380763,0.0049937998134395,0.2768729641693811,168,0.0002087806833159,0.0422036963423555,0.0002087806833159,-0.0020138716972809,7.314587042226362,0.0046757715761629,99.99145054351266,0.9381788592880078,0.0003590771724688,-0.2484525657726761,2.411207055008188,0.0006392393103219,0.0049937998134395,0.4421760561730044,85.80332736738153
174,4.199305653118061,-0.0021244533854582,24.33608487469673,1.7364225056478186,0.1200649151703385,6.46731638598584,1.7498784734081052,0.0123838250318761,-0.0077183938249746,4.199353479774561,24.31454322765213,-0.0052947450978957,-0.0001413778598193,0.2833876221498371,172,-0.0003352697094705,0.0816092116358967,-0.0003352697094705,-0.0032378275196008,7.291768844168312,0.0089212291113404,99.9834679313824,0.9353268361401416,0.0006943468819393,-0.1878354872209178,2.418366290150909,0.0012234657052349,0.0001413778598193,0.4368813110751086,82.51224619835544
178,4.198949734540481,-0.0027200652547321,24.124280416630818,1.7263217239235826,0.1301656968945745,7.0113966534289975,1.7416699766672423,0.0114641718085977,-0.007184023455942,4.199270422416826,24.172161646731485,-0.010100781724236,-0.0048060366263402,0.2899022801302932,176,-0.0003559185775801,0.1234416663907214,-0.0003559185775801,-0.0005956118692738,7.248738144400392,0.0114214172792901,99.97499367953525,0.92988603346571,0.0010502654595194,-0.173309396370798,2.432310082385519,0.0015756421396064,0.0048060366263402,0.4267805293508726,42.25222769905495
182,4.19834220599025,-0.0023350166662866,23.971565610462942,1.7158065389330133,0.1406808818851439,7.5777988209123235,1.7334277274467838,0.0124438515912179,-0.0077523684923686,4.199134131724107,24.094151402351464,-0.0105151849905693,-0.0004144032663333,0.2964169381107492,180,-0.0006075285502307,0.1948467915813862,-0.0006075285502307,0.0003850485884454,7.2035430097165225,0.0098031990217616,99.96052871405357,0.9242220117908768,0.0016577940097501,-0.1858364099513011,2.446862225272215,0.001360885748657,0.0004144032663333,0.4162653443603032,39.58706810518642
186,4.198995776266302,-0.0032919405431907,23.8393270059704,1.710533351135192,0.1459540696829653,7.861839948187913,1.726160274077064,0.0132170300937716,-0.008298376593585,4.199046858548525,24.058185314623824,-0.0052731877978213,0.0052419971927479,0.3029315960912052,184,0.0006535702760519,0.1180302084518132,0.0006535702760519,-0.000956923876904,7.1825223165793135,0.0138228444365775,99.97608991110243,0.9213816005181208,0.0010042237336982,-0.1978277132331643,2.4547874342699294,0.0019245111713291,0.0052419971927479,0.4109921565624819,77.93998096033745
190,4.19916986492694,0.0049011998067657,23.956923878018035,1.706014499648521,0.1504729211696363,8.105248626102869,1.7190197238576252,0.0123253291545691,-0.0076604384786986,4.198952646968406,24.045636357155782,-0.0045188514866709,0.0007543363111504,0.3094462540716612,188,0.0001740886606382,0.0975689106207385,0.0001740886606382,0.0081931403499564,7.163844676052481,0.0205809705305562,99.98023487921286,0.9189475137389712,0.0008301350730599,-0.183520541506423,2.4613916621412466,0.0028728945784314,0.0007543363111504,0.4064733050758109,89.95057843232173
194,4.199246833083063,0.000946635023625,24.465118009505925,1.7003110272642588,0.1561763935538984,8.412467103336,1.7117974281809136,0.0099247883485017,-0.006181343260314,4.198940882961407,24.071442984117624,-0.0057034723842621,-0.0011846208975911,0.3159609120521172,192,7.696815612234786e-05,0.0885225525170351,7.696815612234786e-05,-0.0039545647831407,7.140025696495648,0.0039751541250427,99.98206745435864,0.91587532896664,0.0007531669169376,-0.1512272923208463,2.4696933477162144,0.000556742271529,0.0011846208975911,0.4007698326915487,70.26769057344963
198,4.19925518864016,0.0048990136261112,24.267851748683743,1.6945798601797897,0.1619075606383675,8.721177360146863,1.705449055432155,0.008336455981368,-0.005267568137738,4.199001973781343,24.10015725052821,-0.005731167084469,-2.7694700206915e-05,0.3224755700325732,196,8.355557097772248e-06,0.0875404923317522,8.355557097772248e-06,0.0039523786024862,7.1159732704251,0.0205722083886663,99.98226639619428,0.9127882263985314,0.0007448113598398,-0.1278325626427166,2.4780509241946453,0.0028909901157396,2.7694700206915e-05,0.3950386656070797,68.92813623905627
202,4.199610827671791,-0.0021504498299585,24.1464003948948,1.6849029086609286,0.1715845121572285,9.24242794392924,1.699268329377738,0.0100230459840391,-0.0062695524417257,4.199255698117652,24.135124207414584,-0.009676951518861,-0.0039457844343919,0.3289902280130293,200,0.000355639031631,0.0457408936681866,0.000355639031631,-0.0070494634560697,7.075936498788131,0.0090310523902586,99.99073399218553,0.9075757205607076,0.0003891723282087,-0.151387123554701,2.4924942595116173,0.0012763048950206,0.0039457844343919,0.3853617140882186,39.8226356034875
206,4.1994453812630566,-0.0032975255055147,23.93565216301482,1.6744741591159715,0.1820132617021856,9.804174251930675,1.692056490973894,0.0125463431041722,-0.0078488799668428,4.199345619117002,24.154389238823462,-0.010428749544957,-0.000751798026096,0.3355048859934853,204,-0.0001654464087348,0.0651864349905994,-0.0001654464087348,-0.0011470756755562,7.031862773543907,0.0138477782537308,99.98679479197752,0.9019582574806932,0.0005546187369436,-0.1878680607556067,2.507918894060526,0.0019692901724178,0.000751798026096,0.3749329645432615,35.951862006750694
210,4.198991968341307,0.0059339984616673,24.08253541678387,1.6745692479879102,0.181918172830247,9.799052274217694,1.6857674406417715,0.0116496758736082,-0.0071589259616515,4.199310039799875,24.17951154657663,9.508887193865334e-05,0.0105238384168957,0.3420195439739413,208,-0.0004534129217494,0.1184777682592871,-0.0004534129217494,0.009231523967182,7.031502822732577,0.0249168118806906,99.9759992462216,0.9020094772578232,0.0010080316586931,-0.1724050880176064,2.507505720283968,0.0035435969392112,0.0105238384168957,0.3750280534152002,35.951862006750694
214,4.197785116892181,-0.0008624725143222,24.428816535813286,1.663716375981405,0.1927710448367521,10.383644008306698,1.678448510385201,0.0117234767896273,-0.0072060629069787,4.1990176965616985,24.172251251838105,-0.010852872006505,-0.0109479608784437,0.3485342019543974,212,-0.0012068514491261,0.2603235774458025,-0.0012068514491261,-0.0067964709759895,6.983923841824538,0.0036204742843503,99.94726468790908,0.8961635599169331,0.0022148831078192,-0.1760355887001135,2.523137463509044,0.0005184011690775,0.0109479608784437,0.3641751814086951,33.55565063242362
216,4.201331130571617,-0.0041260217849441,24.3288116844709,1.659013868748246,0.1974735520699111,10.636945333186484,1.6713353120988923,0.0101766464541067,-0.0062535862959931,4.19943288494799,24.18444323899553,-0.004702507233159,0.006150364773346,0.3517915309446254,214,0.0035460136794362,-0.1564528038646739,0.0035460136794362,-0.0032635492706219,6.970066612822062,0.0173347837705023,100.0316935850385,0.8936305466681351,-0.001331130571617,-0.1521423233478052,2.532426768524601,0.0024870327262889,0.006150364773346,0.3594726741755361,76.44276900645026
220,4.199339974904826,-0.0003265708412358,24.13396954428516,1.6538540573335014,0.2026333634846557,10.91487942295644,1.6651255418334068,0.0092596556382967,-0.0056795582804604,4.199378714394598,24.181957068873608,-0.0051598114147446,-0.0004573041815856,0.3583061889250814,218,-0.0019911556667908,0.0775752424013145,-0.0019911556667908,0.0037994509437082,6.945095455619112,0.0013713819882397,99.98428511678158,0.8908512057704356,0.0006600250951738,-0.1370702865656246,2.5391236646813904,0.0001974604952521,0.0004573041815856,0.3543128627607914,68.66779311901001
224,4.198916244859707,-0.0014616756597739,23.980294072799666,1.642653782130131,0.2138336386880261,11.51818408733356,1.658761466436239,0.0118114452007482,-0.0073693250363461,4.199272887113928,24.190885450830574,-0.0112002752033704,-0.0060404637886257,0.3648208469055374,222,-0.000423730045119,0.1273778350651226,-0.000423730045119,-0.0011351048185381,6.897365650466446,0.0061374536725406,99.9741963061835,0.8848181591266644,0.0010837551402929,-0.1767185814896268,2.55617847810554,0.0008898257658886,0.0060404637886257,0.343112587557421,30.63429972275777
228,4.198537488587242,-0.0013078063273911,23.975074779018826,1.6378578430223698,0.2186295777957874,11.776518135492507,1.6514191854431306,0.0109037953742709,-0.0068077152536185,4.1991819911631145,24.169393323277568,-0.0047959391077612,0.0064043360956091,0.3713355048859935,226,-0.0003787562724655,0.1718944903595609,-0.0003787562724655,0.0001538693323827,6.876607554906057,0.0054908738933631,99.96517829969622,0.8822348186450749,0.0014625114127584,-0.1632154822797721,2.5634321723792595,0.0007984858594185,0.0064043360956091,0.3383166484496598,70.54231524794919
232,4.198943932259475,0.0003975082052715,24.03839834090525,1.6327350407099108,0.2237523801082463,12.05245872388612,1.6452229183888316,0.0109713120966942,-0.0068553870387802,4.1994137542365735,24.09130968429596,-0.0051228023124589,-0.0003268632046977,0.3778501628664495,230,0.000406443672233,0.1241236303930045,0.000406443672233,0.0017053145326626,6.8557628921763065,0.0016691146665481,99.9748555299875,0.8794754127611388,0.0010560677405253,-0.1647925244192776,2.571724025983898,0.0002434615509315,0.0003268632046977,0.3331938461372008,65.04132422343372
236,4.199579806494986,-0.0020146823504058,24.08228910360418,1.6277528915533617,0.2287345292647955,12.320823006923034,1.638970722949855,0.010012998343063,-0.0062121072980499,4.199063489421247,24.042005168122618,-0.0049821491565491,0.0001406531559098,0.3843648208469055,234,0.0006358742355114,0.049386929747459,0.0006358742355114,-0.0024121905556773,6.835878173331321,0.008460819315266,99.98999539273775,0.8767917699307697,0.0004201935050138,-0.1496017638942488,2.5799860828306285,0.001237707738601,0.0001406531559098,0.3282116969806516,65.87753330291397
240,4.198782234828033,-0.0006652624807247,24.04361103107677,1.622125485521159,0.2343619352969981,12.623944157602446,1.6326250085873866,0.0080924111220991,-0.0051161544686952,4.1989519414058885,24.023933465480937,-0.0056274060322025,-0.0006452568756534,0.3908794788273615,238,-0.0007975716669532,0.1431285402539896,-0.0007975716669532,0.0013494198696811,6.8109516712680405,0.0027932922855644,99.97100559114364,0.8737605584239755,0.0012177651719671,-0.1230108280202126,2.5884447734196354,0.0004101177662657,0.0006452568756534,0.3225842909484491,57.32379876313796
244,4.19910517813207,0.0010876117348046,24.00795354679432,1.6113256603765849,0.2451617604415723,13.205678513756324,1.6263593842366777,0.010231619666366,-0.0063673920480321,4.198989728060361,24.02946536027987,-0.0107998251445742,-0.0051724191123716,0.3973941368078176,242,0.0003229433040372,0.1051717939487993,0.0003229433040372,0.0017528742155292,6.766125924144395,0.0045669960674152,99.97869471743024,0.8679432148624368,0.0008948218679298,-0.1528680525033836,2.605994108695999,0.0006749794666277,0.0051724191123716,0.3117844658038748,28.86939942361138
248,4.198510853141954,-0.0068178861445106,23.99346277596251,1.6065631397488385,0.2499242810693187,13.462212469997596,1.6201004435819713,0.0109835014313409,-0.0068771033098921,4.198984400971304,24.03314295966861,-0.0047625206277464,0.0060373045168278,0.4039087947882736,246,-0.0005943249901161,0.1750250548483353,-0.0005943249901161,-0.0079054978793152,6.745172778493313,0.0286249689732139,99.96454412242748,0.865377875300024,0.001489146858046,-0.1650055222723459,2.6133494222943066,0.0042437710512743,0.0060373045168278,0.3070219451761284,64.46627094640206
252,4.198732430468704,-0.0019442750784626,23.98660963888346,1.6015142233917594,0.2549731974263978,13.734173179262948,1.6138562801183407,0.0108790609008791,-0.0068039682095525,4.1989421006131495,24.022785219264247,-0.005048916357079,-0.0002863957293326,0.4104234527687296,250,0.0002215773267497,0.1489822347208345,0.0002215773267497,0.004873611066048,6.724329707611881,0.008163490825693,99.96981977306436,0.8626582682073706,0.0012675695312962,-0.1632041294379089,2.6217265942080976,0.0012140229852875,0.0002863957293326,0.3019730288190494,59.809473451794325
256,4.198799630396931,0.0004630793702298,23.92821519902996,1.590369231400328,0.2661181894178293,14.334500004344251,1.606379548087734,0.0117519562537378,-0.0073323945226487,4.198786065393539,23.991970438349405,-0.0111449919914314,-0.0060960756343524,0.4169381107491857,254,6.71999282273461e-05,0.1410839733369785,6.71999282273461e-05,0.0024073544486924,6.677641740998348,0.0019443774885653,99.97141977135551,0.8566549999565575,0.0012003696030689,-0.1754511140621285,2.640141388235905,0.0002911772694583,0.0060960756343524,0.2908280368276179,26.094952517795697
260,4.198753541225669,-0.0026167855431647,23.8787540270112,1.5857889968242211,0.270698423993936,14.581215092458793,1.5991122503483464,0.0107749950890083,-0.0067267235453237,4.198780326673066,23.95899903753629,-0.0045802345761067,0.0065647574153246,0.4234527687296417,258,-4.60891712625866e-05,0.146501007717814,-4.60891712625866e-05,-0.0030798649133944,6.658337166052399,0.0109872375659909,99.97032241013495,0.8541878490754121,0.0012464587743314,-0.1606257769464917,2.647737845094334,0.0016501473704289,0.0065647574153246,0.2862478022515111,62.496319237610415
264,4.200309982421394,-0.003732178429836,23.91102327504336,1.5849430707374117,0.2715443500807455,14.626781040136294,1.5938357324205117,0.0097055671625609,-0.0058965364590391,4.199021287530931,23.939612983186095,-0.0008459260868094,0.0037343084892973,0.4299674267100977,262,0.0015564411957251,-0.0364334048138405,0.0015564411957251,-0.0011153928866713,6.657252201587967,0.0156763063150179,100.0073805338427,0.8537321895986371,-0.0003099824213936,-0.1409922205142276,2.650133029994039,0.002354771284056,0.0037343084892973,0.2854018761647017,337.3839400569187
266,4.201124089732316,-0.0027233905589956,24.47294963967077,1.5955263892495937,0.2609610315685635,14.056708849314884,1.5916283823206627,0.0069516470473552,-0.0017401828947247,4.199543934849002,24.035510355927748,0.0105833185121819,0.0114292445989914,0.4332247557003257,264,0.000814107310922,-0.1321185120124172,0.000814107310922,0.0010087878708404,6.703004349680088,0.0114413016831459,100.0267640412456,0.8594329115068512,-0.0011240897323157,-0.0425874083464158,2.633064622458664,0.0017068915796976,0.0114292445989914,0.2959851946768836,27.967144174692343
270,4.198150316653697,0.0009448323951727,23.823313591520908,1.5747301747801037,0.2817572460380535,15.17690035916767,1.5862715725983318,0.0077078547449758,-0.0021540720815075,4.199427512086002,24.00285114645524,-0.0207962144694899,-0.0313795329816719,0.4397394136807817,268,-0.0029737730786187,0.2174002700872271,-0.0029737730786187,0.0036682229541682,6.610953981897224,0.0039665484189789,99.95595992032612,0.8482309964083233,0.001849683346303,-0.0513171346964956,2.66594898852429,0.0005999963741754,0.0313795329816719,0.2751889802073937,13.232647730726285
274,4.198524048997099,0.0001764713828169,23.405971076202263,1.5649019950937946,0.2915854257243626,15.706296873041047,1.581178125337025,0.011702522261514,-0.0051986899418161,4.199372395806035,23.898402321889694,-0.0098281796863091,0.0109680347831808,0.4462540716612377,272,0.0003737323434016,0.1734740961514324,0.0003737323434016,-0.0007683610123557,6.570278660724837,0.0007409193447165,99.96485830945473,0.8429370312695895,0.0014759510029014,-0.1216803864122916,2.68293098363994,0.0001127683288603,0.0109680347831808,0.2653608005210845,26.999994809897345
278,4.198840869468569,-0.000426376679965,23.506583211337613,1.5597659473370362,0.296721473481121,15.982950929468476,1.575973515439588,0.0145737565424485,-0.008097864095655,4.199389861454614,23.823968158754983,-0.0051360477567583,0.0046921319295507,0.4527687296416938,276,0.00031682047147,0.136236989484272,0.00031682047147,-0.0006028480627819,6.549209006484107,0.0017902878296253,99.97240165401354,0.8401704907053152,0.0011591305314313,-0.1903531161986175,2.6919685460739693,0.0002733593977307,0.0046921319295507,0.2602247527643262,50.66634211527825
282,4.198119631667182,-0.0022932880319585,23.98624197921992,1.5594815668184234,0.2970058539997338,15.998269132835963,1.5708812146557904,0.0150951261153508,-0.0087053872305407,4.198951791303772,23.839011899590293,-0.0002843805186127,0.0048516672381455,0.4592833876221498,280,-0.0007212378013869,0.2210067924519193,-0.0007212378013869,-0.0018669113519935,6.546890180883519,0.0096274975080323,99.95522932540908,0.8400173086716404,0.0018803683328183,-0.2088095246345626,2.691996956547538,0.0014705451354818,0.0048516672381455,0.2599403722457134,914.0582959539636
286,4.198320288264955,0.0015269109055117,24.332016492731967,1.55468935359061,0.3017980672275473,16.256402485859255,1.5627138075239937,0.007627423671626,-0.0045502070654358,4.198391031010301,23.810825270202532,-0.0047922132278135,-0.0045078327092007,0.4657980456026058,284,0.000200656597773,0.1974228646202577,0.000200656597773,0.0038201989374702,6.527083855128986,0.0064104610329827,99.9600068634513,0.8374359751414074,0.0016797117350453,-0.1107157133615312,2.700423900484548,0.0009821324768097,0.0045078327092007,0.2551481590178999,53.242238374754486
290,4.1980467610750285,-0.0020843610710276,24.21167795659843,1.5488741079890418,0.3076133128291154,16.56964164581033,1.5575425941657812,0.006044570511402,-0.0037132367955931,4.198370319894567,23.88849814321804,-0.005815245601568,-0.0010230323737545,0.4723127035830619,288,-0.0002735271899263,0.2295715483855298,-0.0002735271899263,-0.0036112719765393,6.502245932356371,0.0087502452431382,99.9534943113102,0.8343035835418967,0.0019532389249716,-0.0899036934714938,2.7103860406870006,0.0013457265895766,0.0010230323737545,0.2493329134163318,42.875732256106
294,4.199047008209673,-0.0021796366841931,24.000428061078125,1.538236598942558,0.3182508218755993,17.14263281866707,1.552209514935534,0.0089791331684731,-0.0053666155618338,4.198474911737081,24.00738954019321,-0.0106375090464838,-0.0048222634449157,0.4788273615635179,292,0.0010002471346446,0.1120087246404067,0.0010002471346446,-9.527561316550028e-05,6.459127788708371,0.009152396897745,99.97730971927793,0.8285736718133293,0.000952991790327,-0.1288010707232549,2.729779678299331,0.0014169710210324,0.0048222634449157,0.2386954043698479,22.43903185668704
298,4.197669918520713,-0.0009351231872496,23.66809609847637,1.527914258251028,0.3285731625671293,17.698647396292433,1.545839177118332,0.0127745169872481,-0.0079587371782843,4.198240721547511,24.03969211762096,-0.01032234069153,0.0003151683549538,0.4853420195439739,296,-0.0013770896889599,0.273863277157518,-0.0013770896889599,0.0012445134969435,6.413679719939228,0.0039253384732288,99.94452186954078,0.8230135260370757,0.002330081479287,-0.1883681563581495,2.747320339379318,0.0006120259577392,0.0003151683549538,0.2283730636783179,22.12415483105577
302,4.197600624105256,-0.0045122635109441,23.85390035974786,1.5285252629756445,0.3279621578425127,17.665735526394204,1.5396479163497765,0.0119869868369821,-0.0073288030967944,4.198136920035125,24.013223793726542,0.0006110047246166,0.0109333454161466,0.4918566775244299,300,-6.92944154572217e-05,0.2820077115365406,-6.92944154572217e-05,-0.0035771403236945,6.416138597827215,0.0189406801296663,99.94287200250608,0.8233426447360579,0.0023993758947442,-0.1748205388271468,2.74617680569676,0.0029520372480857,0.0109333454161466,0.2289840684029345,374.7664448038668
306,4.197985718630326,-0.0002363432084929,24.243768997381085,1.522647325284378,0.3338400955337792,17.98235160605911,1.53323951068853,0.0103945702223261,-0.0062164901376241,4.198070006108199,23.99557429465637,-0.0058779376912665,-0.0064889424158831,0.498371335504886,304,0.00038509452507,0.2367460974734229,0.00038509452507,0.0042759203024512,6.392051726054484,0.0009921654139484,99.95204091976966,0.8201764839394089,0.0020142813696741,-0.1507111508710566,2.757030895415185,0.0001552186146905,0.0064889424158831,0.2231061307116679,37.95653210872917
310,4.198164128530042,-0.0056856956821905,24.30453859448875,1.5174859938489869,0.3390014269691703,18.26036757199097,1.526961887860519,0.0077278437910957,-0.0046768143153792,4.198093479599202,24.01414642223444,-0.0051613314353911,0.0007166062558754,0.504885993485342,308,0.0001784098997159,0.2157769080918967,0.0001784098997159,-0.0054493524736976,6.370655264923577,0.0238694836587103,99.9562887745248,0.8173963242800902,0.0018358714699582,-0.1136678140273914,2.766525783794367,0.0037467862670476,0.0007166062558754,0.2179447992762768,42.22646850032446
313,4.222920057935785,-0.0044305888153094,24.116835091267607,1.605818899130659,0.2506685216874982,13.502301113197316,1.5404783478981394,0.0367991641731534,0.0144770012632604,4.202868089544424,24.03742782827233,0.0883329052816721,0.0934942367170632,0.509771986970684,311,0.0247559294057433,-2.693880980014021,0.0247559294057433,0.0012551068668811,6.781244838551221,0.018710022376636,100.54571566513776,0.8649769888680269,-0.0229200579357851,0.3491394520821252,2.6297610896359136,0.0027590837408302,0.0934942367170632,0.306277704557949,3.4673115707142643
316,4.200423045909808,-0.0030127602786096,24.72670353176169,1.5638491446744425,0.2926382761437147,15.763008833894956,1.547665325182822,0.0372383824709687,0.0153819337243876,4.203418715022243,24.2491493149294,-0.0419697544562165,-0.1303026597378886,0.5146579804560261,314,-0.022497012025977,-0.0497221836566665,-0.022497012025977,0.0014178285366998,6.56882798761687,0.0126548677060734,100.0100725216621,0.8423699116610505,-0.000423045909808,0.3803445149481415,2.685951557548884,0.0019265031341861,0.1303026597378886,0.2643079501017324,6.297581520936998
320,4.198372063670128,-0.0044185607614797,24.73538913848975,1.5480915247767786,0.3083958960413786,16.61179561914123,1.5515785775430488,0.035721353770685,0.0097251549810256,4.203573002935218,24.42544707067778,-0.0157576198976638,0.0262121345585526,0.5211726384364821,318,-0.0020509822396803,0.1913375056905906,-0.0020509822396803,-0.00140580048287,6.499464209627319,0.0185507620626253,99.96123961119352,0.8338820438085877,0.0016279363298723,0.2405554928877922,2.711966312376458,0.002854198663814,0.0262121345585526,0.2485503302040685,15.773342155620652
324,4.198353213898968,-5.876385637750972e-05,24.501974007826995,1.5323755631868592,0.324111857631298,17.458338472795113,1.5535242251235453,0.033973780851612,-0.0027948235678135,4.203646501988946,24.47708807276696,-0.0157159615899193,4.1658307744496526e-05,0.5276872964169381,322,-1.8849771159956678e-05,0.1935529904920554,-1.8849771159956678e-05,0.0043597969051021,6.433453870605791,0.0002467114252836,99.96079080711829,0.8254166152720489,0.0016467861010323,-0.0684786944150305,2.7397677924122683,3.8348207703925646e-05,4.1658307744496526e-05,0.2328343686141492,14.815152562061169
328,4.197873789078739,-0.001873466605924,24.26614354111412,1.5269528268489705,0.3295345939691867,17.75043505675682,1.555417591723542,0.0316474013501544,-0.018920572605096,4.203588434098686,24.469409062092037,-0.0054227363378887,0.0102932252520306,0.5342019543973942,326,-0.0004794248202291,0.2499016004379931,-0.0004794248202291,-0.0018147027495464,6.409955248988979,0.0078645763597226,99.94937593044617,0.8224956494324318,0.0021262109212614,-0.4591293307153318,2.7491836782813373,0.0012269315547816,0.0102932252520306,0.2274116322762605,41.93669360011728
332,4.197955644238241,0.0004012028792378,24.1488106351578,1.5169573017136326,0.3395301191045246,18.288845660742105,1.5376452722401366,0.0184787544836606,-0.0114922383849427,4.198595551359176,24.47580417087007,-0.0099955251353378,-0.0045727887974491,0.5407166123778502,330,8.185515950209776e-05,0.2402808543684801,8.185515950209776e-05,0.0022746694851618,6.368119466797157,0.0016842318913809,99.95132486281526,0.817111543392579,0.0020443557617593,-0.2775238885320749,2.767352541496069,0.000264478689535,0.0045727887974491,0.2174161071409226,21.751344146219665
336,4.197918434710392,-0.0034667657808078,24.208608644018938,1.511897596014269,0.3445898248038881,18.56138753970263,1.5272549625081022,0.0141630212870556,-0.0087806118998245,4.198094629119293,24.37218519332152,-0.0050597056993635,0.0049358194359743,0.5472312703583062,334,-3.720952784913578e-05,0.2446542307198368,-3.720952784913578e-05,-0.0038679686600456,6.346822789702625,0.0145531999800762,99.95043892167598,0.8143861246029738,0.0020815652896084,-0.2125663971378682,2.7765891326086694,0.0022929898095922,0.0049358194359743,0.2123564014415591,41.97010934218397
340,4.197739340034368,-0.0015236194927525,24.228213693022468,1.5065638960681105,0.3499235247500467,18.8486881637924,1.5189494367663685,0.010623250466843,-0.0066678565072198,4.197968084392142,24.270750104228064,-0.0053336999461586,-0.000273994246795,0.5537459283387622,338,-0.0001790946760236,0.2657039044472548,-0.0001790946760236,0.0019431462880553,6.324162534800556,0.0063957574839703,99.94617476272305,0.8115131183620761,0.002260659965632,-0.1615502523313337,2.786300236577946,0.0010113208584972,0.000273994246795,0.2070227014954004,38.81408845364466
344,4.19785490446139,-0.0001015625085492,24.2593353339824,1.5015453526671363,0.3549420681510209,19.11901282878595,1.5127833946624238,0.0097973810079686,-0.006120835400919,4.197868422504626,24.222222369459143,-0.0050185434009741,0.0003151565451844,0.5602605863192183,342,0.0001155644270216,0.2521211808436731,0.0001155644270216,0.0014220569842033,6.303269522964945,0.0004263446746226,99.94892629669975,0.8088098717121405,0.0021450955386104,-0.1484873985150059,2.795689718598845,6.763865531520476e-05,0.0003151565451844,0.2020041580944263,40.25155148707369
348,4.197306756122815,-0.0019878036760575,24.228985806758885,1.4908444050400238,0.3656430157781334,19.695421131213152,1.5055617103006345,0.0100466105045101,-0.006257803669435,4.197755015913442,24.2147908225881,-0.0107009476271124,-0.0056824042261383,0.5667752442996743,346,-0.0005481483385745,0.3165471254747605,-0.0005481483385745,-0.0018862411675083,6.257531293602391,0.0083434217993619,99.93587514578132,0.8030457886878685,0.0026932438771849,-0.1516202362882254,2.8153888775603866,0.0013333408029284,0.0056824042261383,0.1913032104673138,17.87722145117483
352,4.197528212001444,-0.0040036229239021,24.27409668200787,1.485868384561201,0.3706190362569561,19.96345529201721,1.499343926870148,0.0108212863329949,-0.0067777913934222,4.197669529466082,24.23984803195811,-0.0049760204788227,0.0057249271482897,0.5732899022801303,350,0.0002214558786288,0.2905185796036272,0.0002214558786288,-0.0020158192478445,6.236974463516653,0.0168053201732947,99.94114790479628,0.8003654470798279,0.002471787998556,-0.164524763574413,2.8249663668838587,0.0026944667276734,0.0057249271482897,0.186327189988491,37.44502073121974
356,4.19743662221161,0.0011188537018346,24.26381199929952,1.480413677976106,0.3760737428420513,20.257273958598383,1.4930471432625154,0.0108502678170433,-0.0067977404289944,4.197573166966325,24.250888703014223,-0.0054547065850951,-0.0004786861062724,0.5798045602605864,354,-9.158978983414556e-05,0.301283473544513,-9.158978983414556e-05,0.0051224766257366,6.213942587959892,0.0046963175029775,99.93896719551452,0.7974272604140162,0.0025633777883902,-0.1649390957891586,2.8353133213075847,0.0007557709837997,0.0004786861062724,0.1808724834033959,33.1589757545575
360,4.197717228550219,-0.0044862514223868,24.253757559853845,1.4752095869031632,0.381277833914994,20.53759317943368,1.4867762814295262,0.0101213946251196,-0.0063102258591864,4.197568744669495,24.255997476380504,-0.0052040910729427,0.0002506155121524,0.5863192182410424,358,0.0002806063386087,0.2683027506961136,0.0002806063386087,-0.0056051051242214,6.192512698665859,0.0188320148873609,99.94564829881472,0.7946240682056632,0.0022827714497815,-0.1530466881366277,2.845505659546509,0.0030410942704111,0.0002506155121524,0.1756683923304531,33.75582592007156
364,4.192454851360723,-0.0005811615438406,24.34425783300788,1.4859035988304024,0.3705838219877548,19.9615584696199,1.4836479306621793,0.0059890260833676,-0.002054041007728,4.196488734049362,24.2729819761856,0.0106940119272391,0.0158981030001819,0.5928338762214984,362,-0.0052623771894957,0.8868098181808282,-0.0052623771894957,0.0039050898785462,6.229583751570877,0.0024364935338988,99.82035360382672,0.800384415303801,0.0075451486392772,-0.0500041038917037,2.821485091402111,0.0003911165867678,0.0158981030001819,0.1863624042576923,17.426799738552813
367,4.202845001527377,-0.0037487917776897,25.05822714016358,1.4960918298136696,0.3603955910044876,19.412767733468435,1.4846974156169084,0.0077625386147107,0.0025936811359233,4.197596383130274,24.438830242866537,0.0101882309832672,-0.0005057809439719,0.5977198697068404,365,0.0103901501666543,-0.3343837753021579,0.0103901501666543,-0.0031676302338491,6.287842068758329,0.01575559078463,100.06773813160422,0.8058723226653156,-0.0028450015273771,0.0649930510331248,2.809215930315467,0.0025057230465302,0.0005057809439719,0.1965506352409596,19.2919296356518
371,4.197952808231904,-0.00340141923912,24.85067433400367,1.4808005946928984,0.3756868261252588,20.23643262606611,1.4836838576432478,0.0079010374191456,0.0021656076344091,4.197681302376367,24.55414577326569,-0.0152912351207712,-0.0254794661040385,0.6042345276872965,369,-0.0048921932954728,0.2406141809050155,-0.0048921932954728,0.0003473725385697,6.216331014922527,0.0142789974468378,99.95125733885486,0.7976356737393389,0.0020471917680957,0.0538168100579335,2.834921071261802,0.0022970136906417,0.0254794661040385,0.1812594001201883,11.853810283380575
375,4.198017952345714,-0.0025466834751663,24.688453043463287,1.4697543268466824,0.3867330939714748,20.83144165884199,1.481551987417363,0.0101281657896676,-0.0016013524250465,4.197797568403187,24.63907398209845,-0.0110462678462159,0.0042449672745552,0.6107491856677525,373,6.514411380997842e-05,0.2329575471546018,6.514411380997842e-05,0.0008547357639536,6.170055049640164,0.0106910229476903,99.95280838918367,0.7916855834115801,0.0019820476542857,-0.0395349141517979,2.856271878683594,0.0017327273195583,0.0042449672745552,0.1702131322739724,15.409107822084968
379,4.192162800008929,-0.0006100749254884,24.44423653381348,1.4539012274845928,0.4025861933335644,21.685371461129748,1.477290315533649,0.0161543199594332,-0.0090342245658606,4.19668668269493,24.677169776890377,-0.0158530993620895,-0.0048068315158735,0.6172638436482085,377,-0.0058551523367853,0.921135716657576,-0.0058551523367853,0.0019366085496779,6.09499064074823,0.0025575334078506,99.8134000002126,0.7831462853887026,0.0078371999910711,-0.2208347221874855,2.883388995593481,0.000419612360149,0.0048068315158735,0.1543600329118828,9.736899352376035
383,4.196993378341778,-0.0004798042286805,24.382815275144992,1.454146206723569,0.4023412140945881,21.67217561416471,1.4709388371122825,0.0180527210288662,-0.0110790613388506,4.19759438809114,24.6848812653178,0.0002449792389762,0.0160980786010658,0.6237785016286646,381,0.0048305783328492,0.3533795997320033,0.0048305783328492,0.0001302706968078,6.103042000759634,0.0020137351706724,99.92841377004234,0.7832782438583529,0.0030066216582218,-0.2701387060471962,2.886225166999057,0.0003299559744831,0.0160980786010658,0.1546050121508591,631.0943441449754
387,4.197603515102162,-0.000555807234916,24.71534698579929,1.455023751906683,0.4014636689114741,21.624906498668786,1.462725221530885,0.0121130346822638,-0.0067161805695543,4.196546090806097,24.616305234444944,0.000877545183114,0.0006325659441377,0.6302931596091205,385,0.0006101367603834,0.2816679217506763,0.0006101367603834,-7.600300623550002e-05,6.107612815560628,0.0023330584030026,99.94294083576575,0.7837509350133122,0.0023964848978383,-0.1659927331958197,2.8849037753518214,0.0003819918638356,0.0006325659441377,0.1554825573339731,177.17897645137444
391,4.196406678544622,-0.0001817476146958,24.85143118542252,1.449042163761236,0.4074452570569211,21.947105727081052,1.4563735353445526,0.0078372476799612,-0.0040301801748802,4.1962368648686414,24.616456604728715,-0.005981588145447,-0.006859133328561,0.6368078175895765,389,-0.0011968365575398,0.4223366429020438,-0.0011968365575398,0.0003740596202202,6.080770213500401,0.000762686904119,99.9144447272529,0.7805289427291895,0.0035933214553782,-0.1001557452808903,2.895986592724212,0.0001254260360678,0.006859133328561,0.149500969188526,24.99352438738547
395,4.197098662004674,-0.0023177023013478,24.593120256300985,1.4386709371480566,0.4178164836701006,22.505753552909518,1.4501568574048274,0.0068335712376483,-0.0035564623635405,4.196053006800433,24.59739004729625,-0.0103712266131794,-0.0043896384677324,0.6433224755700325,393,0.0006919834600518,0.3410052131674147,0.0006919834600518,-0.002135954686652,6.038243865369118,0.009727625227912,99.9309205239208,0.7749424644709049,0.0029013379953264,-0.0874645065935611,2.9173444417559278,0.0016110023783077,0.0043896384677324,0.1391297425753466,13.414974695331066
399,4.196909312093871,0.0003119115091499,24.385017614303333,1.433445432156979,0.4230419886611782,22.78722623796411,1.4460656983393048,0.0095962791938233,-0.0057754363891806,4.197002309217422,24.585546263394225,-0.0052255049910776,0.0051457216221018,0.6498371335504886,397,-0.0001893499108023,0.3632602233731849,-0.0001893499108023,0.0026296138104977,6.016040482598049,0.0013090643173004,99.92641219271124,0.7721277376203589,0.0030906879061287,-0.1408341180804592,2.9278472817612364,0.0002175956629758,0.0051457216221018,0.1339042375842689,25.625128635970142
403,4.197105220217278,-0.0030855282897445,24.64515295452229,1.4333958900838095,0.4230915307343477,22.78989482987665,1.441915635011353,0.0097142755110204,-0.0058852455250004,4.1970246775925215,24.63801379926968,-4.954207316942849e-05,0.0051759629179082,0.6563517915309446,401,0.0001959081234064,0.3402344016691826,0.0001959081234064,-0.0033974397988943,6.016113372908748,0.0129502868920147,99.93107667183996,0.7721010517012334,0.0028947797827223,-0.1450427761385533,2.928085150273367,0.0021526002070259,0.0051759629179082,0.1338546955110995,25.625128635970142
407,4.196244829545076,-0.0010432966240278,24.932873139487384,1.42806487344776,0.4284225473703973,23.07705091702645,1.4365238593195682,0.0079393519353491,-0.0047229627691199,4.196752940481105,24.6815190300073,-0.0053310166360496,-0.0052814745628801,0.6628664495114006,405,-0.0008603906722015,0.4413593671347583,-0.0008603906722015,0.0020422316657167,5.992509841460106,0.0043779280642584,99.91059117964468,0.7692294908297355,0.0037551704549239,-0.1177570315649895,2.9384133085033683,0.0007305666874285,0.0052814745628801,0.1285236788750499,24.10866212758401
411,4.19680260180666,-0.0026043659488016,24.80499313708629,1.4229203181741186,0.4335671026440386,23.35416323224883,1.4312994902021443,0.0060002387210754,-0.0036881796657095,4.196832125133512,24.672231420340054,-0.0051445552736413,0.0001864613624082,0.6693811074918566,409,0.0005577722615841,0.3758022864820522,0.0005577722615841,-0.0015610693247738,5.9717156934767015,0.0109300097899872,99.92387147158716,0.7664583676775117,0.0031973981933397,-0.0914852712962656,2.949429105905219,0.0018302964091084,0.0001864613624082,0.1233791236014085,23.982466323873428
415,4.196227405416926,-0.0037231710863752,24.578577776974136,1.417429032731308,0.4390583880868492,23.649952225011877,1.427051109318795,0.0069249389629698,-0.0042508370761032,4.196657873815963,24.669322924474688,-0.0054912854428106,-0.0003467301691693,0.6758957654723127,413,-0.0005751963897342,0.4434072907285101,-0.0005751963897342,-0.0011188051375735,5.947854552380719,0.0156232725477035,99.9101763194506,0.7635004777498813,0.0037725945830739,-0.1044795296922502,2.96044973576633,0.002626707228651,0.0003467301691693,0.1178878381585979,21.46816795199391
419,4.196558172556389,-0.0058679102079495,24.357810301716302,1.412409228794446,0.4440781920237111,23.92034478897816,1.4228438686462883,0.0083188347878755,-0.0052609163295178,4.1965876459084654,24.66388146195728,-0.0050198039368618,0.0004714815059487,0.6824104234527687,417,0.000330767139463,0.4045309794945038,0.000330767139463,-0.0021447391215743,5.9272574920914,0.0246250265389975,99.91805172753308,0.7607965521102183,0.0034418274436109,-0.1281444019675982,2.971205573428841,0.0041545396959477,0.0004714815059487,0.112868034221736,22.484550321360928
423,4.196870541112335,0.0001370298364325,24.616751003686066,1.412578792940193,0.4439086278779642,23.91121118840293,1.418680449217565,0.0067854322826277,-0.0041483250394806,4.196540710087477,24.658201071790035,0.0001695641457468,0.0051893680826087,0.6889250814332247,421,0.0003123685559458,0.3678171232741333,0.0003123685559458,0.006004940044382,5.928410323090716,0.000575096483777,99.9254890741032,0.7608878881159706,0.0031294588876651,-0.102118284579251,2.971070047269233,9.70068622843198e-05,0.0051893680826087,0.1130375983674829,666.6362034827139
427,4.196795527524874,-0.0011321848227625,25.02927805207996,1.4075983731469897,0.4488890476711675,24.179482318999035,1.4145871491574111,0.0058124398929793,-0.0035494129845372,4.1966508496834365,24.67748205430855,-0.0049804197932032,-0.0051499839389501,0.6954397394136808,425,-7.501358746075937e-05,0.3766337535404842,-7.501358746075937e-05,-0.0012692146591949,5.907402556974575,0.0047515482005012,99.92370303630652,0.7582051768100097,0.0032044724751258,-0.0888392445116466,2.981529111988125,0.0008043379733604,0.0051499839389501,0.1080571785742796,21.696399713482727
431,4.189287343772767,-0.0020457588547026,25.159494190646395,1.4333920485221476,0.4230953722960096,22.79010175622686,1.4166814952270168,0.0099673082750368,0.0027115175934222,4.1951477980766585,24.74838226502057,0.0257936753751579,0.0307740951683612,0.7019543973941368,429,-0.0075081837521073,1.2590989489130169,-0.0075081837521073,-0.0009135740319401,6.004891167538353,0.0085702716784166,99.74493675649444,0.7720989824377315,0.0107126562272332,0.0682204111395437,2.922638888705986,0.0014272151549967,0.0307740951683612,0.1338508539494376,5.189289699999485
433,4.201144545237731,-0.0042538983897597,25.21215090210571,1.4382550176792908,0.4182324031388664,22.528157123442867,1.4208466922166134,0.0139239242480898,0.0072504833351644,4.196131226040819,24.875096890046883,0.0048629691571431,-0.0209307062180148,0.7052117263843648,431,0.0118572014649638,-0.1345227248258415,0.0118572014649638,-0.0022081395350571,6.042317222184148,0.0178712420161345,100.02725107708883,0.7747184287655713,-0.0011445452377305,0.1828002799593676,2.9210011392948414,0.0029576802009866,0.0209307062180148,0.1387138231065807,28.52451221139796
437,4.196925753814179,-0.003571417492859,24.852009021918743,1.4173547174485526,0.4391327033696046,23.653955229929764,1.4218357899474348,0.0133380488925568,0.004020849354902,4.196204742292378,24.973936634087373,-0.0209003002307381,-0.0257632693878813,0.7117263843648208,435,-0.0042187914235514,0.3613277658837552,-0.0042187914235514,0.0006824808969007,5.948532515949849,0.0149889740534024,99.92680366224236,0.7634604477007024,0.0030742461858208,0.0999261844438015,2.961097671703005,0.0025197767706929,0.0257632693878813,0.1178135228758425,5.636929688817272
441,4.196901090271507,-0.0012993452478782,24.475953784901723,1.406981663677643,0.4495057571405141,24.212701475909604,1.4207163640949247,0.0144939788834143,-0.0017270750012288,4.196210852124212,24.945777190330507,-0.0103730537709094,0.0105272464598287,0.7182410423452769,439,-2.4663542672165303e-05,0.364226565210112,-2.4663542672165303e-05,0.0022720722449808,5.90496287828072,0.0054532234874591,99.92621643503588,0.757872985240904,0.003098909728493,-0.0422718079131356,2.982911006317897,0.0009234983521262,0.0105272464598287,0.1074404691049331,10.357650840126048
445,4.196688955833435,-0.0020447392506862,24.345219404030782,1.4012037783587623,0.4552836424593949,24.523928218094287,1.419437445137279,0.0161305830845579,-0.0095649894328418,4.196189537785924,24.80896546072067,-0.0057778853188807,0.0045951684520286,0.7247557003257329,443,-0.0002121344380725,0.3891595269648632,-0.0002121344380725,-0.0007453940028079,5.880416421510297,0.0085811346309139,99.92116561508178,0.7547607178190571,0.0033110441665655,-0.2328617663397703,2.9950596912813348,0.0014592732921982,0.0045951684520286,0.1016625837860523,17.595119697831745
449,4.196339302740304,-0.0022597676929503,24.326630542911904,1.3967008232726328,0.4597865975455244,24.76648063378181,1.4120992000873762,0.01653599602924,-0.0099259327903106,4.197599929579431,24.64239273117377,-0.0045029550861295,0.0012749302327512,0.7312703583061889,447,-0.0003496530931306,0.4302555756671233,-0.0003496530931306,-0.0002150284422641,5.861030558868689,0.0094827519849901,99.9128405414358,0.7523351936621818,0.0036606972596961,-0.2414644997836611,3.004465403627236,0.0016179325273507,0.0012749302327512,0.0971596286999227,21.57685938267608
453,4.196181412764837,0.0001462777060492,24.280281649900346,1.391284788852726,0.4652026319654312,25.058216217830097,1.4027051543220632,0.0100203430661815,-0.0062420697596663,4.196607303084852,24.4560188807327,-0.0054160344199067,-0.0009130793337772,0.737785016286645,451,-0.0001578899754672,0.4488129808463711,-0.0001578899754672,0.0024060453989995,5.83808337084626,0.0006138077912255,99.90908125630564,0.749417837821699,0.0038185872351634,-0.1515592118430246,3.0160477900610627,0.0001051385792622,0.0009130793337772,0.091743594280016,16.939256135967263
457,4.195770804194879,-0.0012989468563685,24.239023397259928,1.3862287677978349,0.4702586530203223,25.33055962281062,1.39647996439192,0.0081351976838753,-0.0051424781265652,4.196376313160992,24.33342175580093,-0.0050560210548911,0.0003600133650156,0.744299674267101,455,-0.0004106085699575,0.4970733569736245,-0.0004106085699575,-0.0014452245624177,5.816298191861198,0.0054500832961516,99.89930486178284,0.7466944037718939,0.004229195805121,-0.1246486476297131,3.0267520784901087,0.0009370364304529,0.0003600133650156,0.0866875732251248,17.145413811373416
461,4.195456241846729,-0.0004390472010894,24.12349712975845,1.3804366761974138,0.4760507446207433,25.64255158868499,1.3911709668958738,0.0082295185394115,-0.0052006259797494,4.196087343476036,24.26293042477228,-0.005792091600421,-0.0007360705455299,0.750814332247557,459,-0.0003145623481497,0.534045057877841,-0.0003145623481497,0.0008598996552791,5.791561669626592,0.0018420033202758,99.89181528206498,0.7435744841131501,0.0045437581532707,-0.1254572858954339,3.039223974694472,0.0003180495046674,0.0007360705455299,0.0808954816247038,13.966540449536966
465,4.19654355365607,0.0015529074887594,24.053006415445992,1.3752364150256224,0.4812510057925347,25.9226645112654,1.385977494229246,0.008504289319557,-0.0053776929149332,4.196058263040564,24.204487827055324,-0.0052002611717913,0.0005918304286296,0.757328990228013,463,0.0010873118093401,0.4062491940657792,0.0010873118093401,0.0019919546898488,5.771239512228859,0.0065168439113774,99.91770365847783,0.740773354887346,0.0034564463439306,-0.1293496821831887,3.0515070047631645,0.0011291931131204,0.0005918304286296,0.0756952204529124,14.556042081793512
469,4.194357133255019,-0.0023492524050638,24.06286320276633,1.3705128024895008,0.4859746183286564,26.17710267675752,1.3807398900726198,0.0083110794372333,-0.0052536325498662,4.195661829143507,24.15173435902621,-0.0047236125361216,0.0004766486356697,0.7638436482084691,467,-0.0021864204010508,0.6632274420792628,-0.0021864204010508,-0.0039021598938232,5.7484201493391645,0.0098536035829958,99.8656460298814,0.7382289732324249,0.0056428667449814,-0.1264174413650328,3.060429005578116,0.001714141160007,0.0004766486356697,0.0709716079167908,15.024858066589577
473,4.195863681881766,-0.0035323738644654,24.086387020526896,1.37050855662704,0.4859788641911171,26.177331380836687,1.3765846436274825,0.0067722059615175,-0.0041364296049502,4.195598282966893,24.11295543315152,-4.245862460727778e-06,0.0047193666736609,0.7703583061889251,471,0.0015065486267475,0.4861570916276129,0.0015065486267475,-0.0011831214594016,5.7504670784595975,0.0148213592087387,99.90151623528014,0.7382266861916331,0.0041363181182338,-0.0996316443479972,3.061537749321471,0.0025774183221146,0.0047193666736609,0.07096736205433,15.024858066589577
477,4.19558455466442,-0.0024410973080125,24.009281472194747,1.3647355108681518,0.4917519099500054,26.488297439327084,1.3722859922415458,0.0058832790981491,-0.0036130189057106,4.195561033060801,24.067007048138485,-0.0057730457588882,-0.0057687998964275,0.7768729641693811,475,-0.0002791272173459,0.5189639677672402,-0.0002791272173459,0.0010912765564528,5.725863230600475,0.0102418301619301,99.89487034915288,0.7351170256067291,0.0044154453355798,-0.0867459878715678,3.0742840068662645,0.0017886962628089,0.0057687998964275,0.0651943162954418,11.292880572628016
481,4.186574613062876,0.0023505638634883,24.7195455297238,1.375392016895762,0.4810954039223951,25.914282990960185,1.3712770603812152,0.0043753832545586,-0.0005466087881069,4.19378470730403,24.18621672813155,0.0106565060276102,0.0164295517864985,0.7833876221498371,479,-0.0090099416015441,1.5779364354389434,-0.0090099416015441,0.0047916611715008,5.758181300945144,0.0098408109972631,99.68034793006848,0.7408571700903982,0.0134253869371239,-0.0135119208245574,3.043913707243924,0.0017090137463451,0.0164295517864985,0.075850822323052,7.117794718693719
483,4.200346502821317,-0.0025073897257194,24.84307993981448,1.3861115151535393,0.4703759056646179,25.336875455763792,1.373452080406799,0.008020394521633,0.0036080885596798,4.194545297137079,24.34423143300525,0.0107194982577771,6.299223016692501e-05,0.7866449511400652,481,0.0137718897584404,-0.0407257853571325,0.0137718897584404,-0.0048579535892077,5.822148655195525,0.0105319056656355,100.0082500671742,0.746631245442362,-0.0003465028213165,0.0896360325180575,3.0303092189202725,0.0018089379521832,6.299223016692501e-05,0.0865703205808292,8.075967596526356
485,4.1981749992980655,5.250370937290936e-05,24.581003847390768,1.369850003583894,0.4866374172342631,26.21280444872614,1.3733195206256774,0.0080863257326133,0.0020058898199095,4.195308870345689,24.447859561930137,-0.0162615115696451,-0.0269810098274223,0.7899022801302932,483,-0.0021715035232512,0.2144992256663646,-0.0021715035232512,0.0025598934350923,5.75087003783427,0.0002204197600597,99.9565476023349,0.7378719555127385,0.0018250007019346,0.0493067853806385,3.06469685608973,3.832807185863095e-05,0.0269810098274223,0.070308809011184,4.32363305896035
489,4.195715092938243,-0.000260846921853,24.340286688400784,1.3647827949260758,0.4917046258920814,26.485750475776797,1.3721743682854846,0.0089438799336902,-0.000544744519602,4.195279152556984,24.498639495504914,-0.0050672086578182,0.0111943029118268,0.7964169381107492,487,-0.0024599063598227,0.5036213113917998,-0.0024599063598227,-0.0003133506312259,5.726239771253775,0.0010944393669651,99.89797840329148,0.7351424952422321,0.0042849070617574,-0.0132592377790479,3.074273143343301,0.0001911270590622,0.0111943029118268,0.0652416003533657,12.875254357782037
493,4.195755769877104,-0.006175418265897,24.03013803682012,1.3543220466259964,0.5021653741921608,27.049220401981263,1.3700916754370536,0.0118496064758177,-0.0063468660766994,4.195313395599522,24.50281080842999,-0.0104607483000793,-0.005393539642261,0.8029315960912052,491,4.067693886167234e-05,0.4988403971274616,4.067693886167234e-05,-0.005914571344044,5.682404541402794,0.0259105468205418,99.8989469018358,0.7295077959801873,0.0042442301228957,-0.1525160679242993,3.0980487841351563,0.0045597856737854,0.005393539642261,0.0547808520532864,5.236800511954845
497,4.195911764444989,-0.0056371247064643,24.401718287950963,1.3546417018378962,0.501845718980261,27.03200212146316,1.3659416124254802,0.0130971909599215,-0.0078467583589183,4.197180825875944,24.43924536007542,0.0003196552118998,0.0107804035119791,0.8094462540716613,495,0.0001559945678843,0.4805057663605306,0.0001559945678843,0.0005382935594327,5.68395705334941,0.023652877873497,99.90266105821402,0.7296799787853684,0.0040882355550113,-0.1914743869479505,3.0974328922195653,0.0041613400051217,0.0107804035119791,0.0551005072651862,172.37481265425848
501,4.195824004004723,0.0021588281176431,24.647812199908287,1.354703921319241,0.5017834994989163,27.028650658875968,1.3596600936586207,0.007216629743351,-0.0040433257617485,4.196276326112625,24.400191812094185,6.221948134466082e-05,-0.0002574357305551,0.8159609120521173,499,-8.776044026603813e-05,0.490820582382929,-8.776044026603813e-05,0.0077959528241074,5.684099231390596,0.0090580628365272,99.90057152392195,0.7297134934112404,0.0041759959952774,-0.0996591340386305,3.097225849851188,0.0015935792933564,0.0002574357305551,0.0551627267465308,172.37481265425848
505,4.196258226051591,-0.0010362199823789,24.40715882292003,1.349314997503458,0.5071724233146992,27.31892592577802,1.3555530924425336,0.0056384491360693,-0.0030553720151991,4.19589297146333,24.36542280720004,-0.0053889238157829,-0.0054511432971275,0.8224755700325733,503,0.0004342220468682,0.4397848251244418,0.0004342220468682,-0.003195048100022,5.662074157808667,0.0043482466250564,99.91091014408548,0.7268107407422197,0.0037417739484091,-0.0745729500380701,3.1099174275952097,0.0007679600273443,0.0054511432971275,0.0497738029307479,9.236315938438732
509,4.196612664794988,-0.0033491608436626,24.071743981632668,1.3441891937970554,0.5122982270211018,27.595028184749623,1.3514343722167292,0.004644887986753,-0.002559240999232,4.196072485834679,24.31171426584641,-0.0051258037064025,0.0002631201093803,0.8289902280130294,507,0.0003544387433969,0.3981263008706153,0.0003544387433969,-0.0023129408612837,5.641041394569287,0.0140551308129499,99.91934916178542,0.7240497181525037,0.0033873352050122,-0.0616053941208113,3.1220401742260915,0.0024915844132044,0.0002631201093803,0.0446479992243453,8.710438749064078
513,4.195850781215982,0.0004247245512592,23.873389284419225,1.3389913790695755,0.5174960417485817,27.875009329205163,1.3483682387054452,0.0068151206713275,-0.0041815373058826,4.196091488102455,24.28036451536624,-0.0051978147274798,-7.2011021077234e-05,0.8355048859934854,511,-0.0007618835790061,0.4876733556040742,-0.0007618835790061,0.0037738853949218,5.618208023910543,0.0017820808402025,99.90120907657098,0.7212499067079483,0.0041492187840184,-0.099827467910659,3.1335905867680425,0.0003171973755009,7.2011021077234e-05,0.0394501844968655,7.589763499706945
517,4.196002392961924,-0.0021156621548648,24.1748787384492,1.3389145230206971,0.5175728977974601,27.8791491929078,1.3452228029420057,0.0068251565718896,-0.0041902415030969,4.196109613805841,24.23499660546588,-7.685604887841535e-05,0.0051209586786014,0.8420195439739414,515,0.0001516117459425,0.4698538544542204,0.0001516117459425,-0.002540386706124,5.618088542566318,0.0088773234645116,99.9048188800458,0.7212085080709221,0.0039976070380758,-0.1012985802221868,3.133883695200655,0.0015801323523563,0.0051209586786014,0.0393733284479871,7.589763499706945
521,4.196207586734141,-0.0015204670284324,24.28632352426044,1.3340066759761655,0.5224807448419917,28.14351118047078,1.3410833538733904,0.0058430675675462,-0.0035891313830943,4.1961863303517255,24.16269887033631,-0.0049078470445316,-0.0048309909956532,0.8485342019543974,519,0.0002051937722162,0.4457366553729852,0.0002051937722162,0.0005951951264324,5.597768934485178,0.0063801952800871,99.90970444605097,0.7185648881952922,0.0037924132658595,-0.0871668059409048,3.145567156673745,0.0011397746771542,0.0048309909956532,0.0344654814034555,7.022525578065302
525,4.195534582569042,-0.0011152567417503,24.01310273031714,1.3286444309174914,0.5278429899006658,28.432349391737034,1.336949240556197,0.005875332698006,-0.0036074228852537,4.196041601655216,24.083887651815736,-0.0053622450586741,-0.0004543980141424,0.8550488599348535,523,-0.0006730041650984,0.5248373768854819,-0.0006730041650984,0.000405210286682,5.5743736578521,0.0046790982284566,99.89368053735814,0.7156765060826297,0.0044654174309579,-0.0866254163352965,3.1577557433269248,0.0008393944352592,0.0004543980141424,0.0291032363447814,5.427434969183895
529,4.1957439573980455,-0.0034490545422466,23.715060546682704,1.323170899227622,0.5333165215905351,28.727182075680407,1.3327455816423104,0.0068401418619142,-0.0041911051787112,4.195867860175826,24.012550964825746,-0.0054735316898693,-0.0001112866311951,0.8615635179153095,527,0.0002093748290032,0.5002287624078963,0.0002093748290032,-0.0023337978004962,5.551686305039234,0.0144713497543674,99.89866565233442,0.712728179243196,0.0042560426019546,-0.099392313070653,3.170976598599045,0.0026066584023726,0.0001112866311951,0.023629704654912,4.31708556628021
533,4.19586805747139,0.0010256679093697,23.57702261502623,1.3181691588445197,0.5383182619736375,28.99660164335505,1.3285811375972991,0.0082749517796455,-0.0052326505100898,4.195871315426908,23.953277630947145,-0.0050017403831024,0.0004717913067668,0.8680781758957655,531,0.0001241000733447,0.4856428120521702,0.0001241000733447,0.0044747224516163,5.530863867939651,0.0043035672184977,99.90162041598548,0.7100339835664495,0.0041319425286099,-0.1233703194129165,3.183102888819977,0.0007781003693553,0.0004717913067668,0.0186279642718096,3.72429651381773
537,4.195347750909715,-0.0021256198928303,23.959878308016872,1.3184664436640334,0.5380209771541238,28.98058834769896,1.3244915217259663,0.0068154731494174,-0.0041555736697235,4.195740387016466,23.91027754486068,0.0002972848195137,0.0052990252026161,0.8745928338762216,535,-0.0005203065616754,0.5467964074837773,-0.0005203065616754,-0.0031512878022,5.531425229075833,0.0089177146366745,99.889232164517,0.7101941165230105,0.0046522490902853,-0.0995670394265763,3.1819905398963324,0.0016121911202557,0.0052990252026161,0.0189252490913234,63.66032790466287
541,4.196065828878837,-0.0015553044571721,23.967802824849823,1.318293040102702,0.5381943807154552,28.98992875902558,1.321348794551274,0.0045908071337685,-0.0025407237193167,4.195712035445405,23.84657340497856,-0.0001734035613314,-0.0004706883808451,0.8811074918566775,539,0.0007180779691218,0.4623979915371856,0.0007180779691218,0.0005703154356582,5.531644378023746,0.0065261598862427,99.90632925901993,0.7101007124097442,0.0039341711211635,-0.0608955651370029,3.1829537904197243,0.0011797865951343,0.0004706883808451,0.0187518455299919,108.13991008033484
545,4.184534803011309,-0.000242480697365,23.59435393515375,1.323872422244268,0.5326149985738893,28.6893944231071,1.320394392816629,0.0028674907997739,0.0001526927291473,4.193512079533859,23.76282364594588,0.0055793821415659,0.0057527857028973,0.8876221498371335,543,-0.0115310258675274,1.81768301531903,-0.0115310258675274,0.0013128237598071,5.539790225628022,0.0010146689171822,99.6317810240788,0.7131060557689289,0.0154651969886909,0.0036026862948282,3.160829346318402,0.0001831601695833,0.0057527857028973,0.0243312276715579,4.3609179393345805
548,4.201240476440081,9.683399988467804e-05,24.23768156950588,1.3601216766554785,0.4963657441626787,26.736822377386726,1.3277845483022002,0.0182370921256975,0.0089311014202152,4.1946113833422665,23.86734785051051,0.0362492544112105,0.0306698722696445,0.8925081433224755,546,0.0167056734287713,-0.1457978813775474,0.0167056734287713,0.0003393146972496,5.714198240848543,0.0004068229198111,100.02953515333526,0.7326317762261327,-0.0012404764400804,0.2164691922881378,3.08887105363314,7.119510081097419e-05,0.0306698722696445,0.0605804820827684,1.6712200862270206
552,4.195703567262997,-0.0009213388038717,24.167374158398008,1.3395306867947354,0.5169567340234218,27.845959429964683,1.3320568538922433,0.0179207923694382,0.008395712281418,4.194578485300587,23.985418159184867,-0.020590989860743,-0.0568402442719535,0.8990228013029316,550,-0.0055369091770831,0.5049759675367435,-0.0055369091770831,-0.0010181728037563,5.620273681042924,0.0038656645060623,99.89770398245231,0.7215404057003532,0.0042964327370027,0.2029023200312872,3.132219073907585,0.0006878071648185,0.0568402442719535,0.0399894922220254,1.942086926975077
556,4.195744519551191,-0.0022296613117201,23.98739486311109,1.3290286565120697,0.5274587643060875,28.41165301694506,1.3341692964618506,0.0164831569924184,0.0037129497369202,4.194657839028883,23.99092147020371,-0.0105020302826657,0.0100889595780773,0.9055374592833876,554,4.095228819345209e-05,0.5001626904254256,4.095228819345209e-05,-0.0013083225078483,5.576264701886998,0.0093550892291049,99.89867903693312,0.7158834698305494,0.0042554804488093,0.0890639914463914,3.1570007907599145,0.0016776623293975,0.0100889595780773,0.0294874619393596,2.807786794143096
560,4.196363050482315,-0.0015853742292519,23.876504321833465,1.3236741274998955,0.5328132933182617,28.700075602098607,1.335245513941289,0.0153222036028615,-0.0031489609632153,4.194717283349578,23.97266176960044,-0.0053545290121741,0.0051475012704915,0.9120521172638436,558,0.0006185309311241,0.4274644138515132,0.0006185309311241,0.0006442870824681,5.554617199519979,0.0066528058368195,99.91340596386463,0.7129992439790139,0.0036369495176851,-0.0751861800474962,3.1702387795463247,0.0011977073482929,0.0051475012704915,0.0241329329271855,4.507013198045338
564,4.1957929878569455,0.0005044117258712,23.800482246729,1.318633896753293,0.5378535240648643,28.97156845952833,1.3341978088430944,0.0164331210819639,-0.009883211909921,4.196968920318706,24.013887431915485,-0.0050402307466026,0.0003142982655714,0.9185667752442996,562,-0.0005700626253695,0.4944660273815618,-0.0005700626253695,0.0020897859551231,5.532714857547946,0.0021164071824032,99.89983304421298,0.7102843154047167,0.0042070121430546,-0.2352252096027376,3.1819241096317343,0.0003825259817096,0.0003142982655714,0.0190927021805829,3.788061130624283
568,4.195797286482793,-0.0036731750831835,23.75244046991811,1.3134751321324272,0.54301228868573,29.24944616357398,1.324868499938484,0.0100298586541722,-0.0062505869083393,4.1958802823272485,23.91683921199793,-0.0051587646208657,-0.000118533874263,0.9250814332247556,566,4.298625847276583e-06,0.4939607936494911,4.298625847276583e-06,-0.0041775868090547,5.511075395263866,0.0154118980467975,99.89993539244745,0.7075055383642602,0.0042027135172073,-0.1484666934423793,3.1944246098294338,0.0027965318819703,0.000118533874263,0.0139339375597171,2.701022160103675
572,4.196349384378125,0.0012419846962382,23.77068333600904,1.3132020634442203,0.5432853573739369,29.264155053337777,1.3196027752683812,0.006798510756981,-0.0041852181503167,4.196009445750273,23.837501047520146,-0.0002730686882068,0.0048856959326588,0.9315960912052116,570,0.0005520978953326,0.4290706426948462,0.0005520978953326,0.0049151597794217,5.510654670498238,0.0052118017154662,99.91308058043155,0.7073584494666222,0.0036506156218747,-0.0994854953432961,3.1955092831426777,0.0009457681577051,0.0048856959326588,0.0136608688715103,50.02722560838348
576,4.195609431921248,-0.0028269901067769,23.69874029857621,1.3077959946944353,0.5486914261237219,29.55535383492729,1.3153562429048544,0.0060263305331678,-0.0037188098919993,4.195982428224285,23.77977013461317,-0.0054060687497849,-0.0051330000615781,0.9381107491856676,574,-0.0007399524568771,0.5160400498089486,-0.0007399524568771,-0.0040689748030151,5.487001210368804,0.0118609463559412,99.89546266479162,0.7044464616507271,0.0043905680787519,-0.0881311098502678,3.2081528380132,0.0021616445670774,0.0051330000615781,0.0082548001217253,1.5269506371064188
580,4.195339917236225,-0.0022930101617346,23.681325932299053,1.3030329186405918,0.5534545021775654,29.81191770928656,1.3112280011329935,0.0059735218868572,-0.0036881093663394,4.195777801575067,23.74073445670628,-0.0047630760538435,0.0006429926959414,0.9446254071661238,578,-0.0002695146850228,0.5477171287173788,-0.0002695146850228,0.0005339799450423,5.466666017045697,0.0096199570621534,99.88904564848156,0.7018808229071345,0.0046600827637748,-0.0873393199782484,3.219673008424895,0.0017597484521932,0.0006429926959414,0.0034917240678817,0.7330817371820406
584,4.19540205700612,-0.0012619970357437,23.75348711820252,1.3033573559038203,0.5531300649143369,29.794441842787798,1.3081726929630988,0.0050783137272791,-0.0030404697260842,4.195699615404902,23.73133543100099,0.0003244372632285,0.005087513317072,0.9511400651465798,582,6.21397698949977e-05,0.5404136068549307,6.21397698949977e-05,0.0010310131259909,5.468108131972945,0.0052945849596947,99.89052516681238,0.7020555815721221,0.0045979429938798,-0.0722217584718264,3.2189192304030816,0.0009682663239112,0.005087513317072,0.0038161613311102,11.762401436676278
588,4.195685302232799,-0.0008797801261589,23.791068115787706,1.3034100438655642,0.553077376952593,29.79160379707021,1.3061596753097264,0.0044006489910176,-0.0024022677947927,4.195677218554904,23.739060960174907,5.268796174395796e-05,-0.0002717493014845,0.9576547231270358,586,0.0002832452266785,0.5071227255244,0.0002832452266785,0.0003822169095848,5.468698363829356,0.0036912805445214,99.89726910078092,0.7020839620292979,0.0043146977672012,-0.0571525167382765,3.2190064224068142,0.0006749833870772,0.0002717493014845,0.0038688492928542,11.762401436676278
592,4.195561297751176,-0.0005753449741509,23.837597031961703,1.2978870806495706,0.5586003401685866,30.089099118291387,1.3030966787507965,0.0035140325248528,-0.0019440702864756,4.195519601229514,23.75244369936544,-0.0055229632159936,-0.0055756511777376,0.9641693811074918,590,-0.0001240044816226,0.521697440623971,-0.0001240044816226,0.0003044351520079,5.445364804424598,0.0024138951064031,99.89431661312324,0.6991090088170862,0.0044387022488239,-0.046341964090818,3.2326088766145733,0.0004432935520576,0.0055756511777376,-0.0016541139231394,11.762401436676278
596,4.196066962029683,-0.002348877612773,23.75127102411842,1.2980735056918902,0.558413915126267,30.07905730275151,1.3011521809502873,0.0028998722861348,-0.0015389101151652,4.195611107251201,23.76294984447388,0.0001864250423195,0.0057093882583132,0.970684039087948,594,0.0005056642785064,0.4622648080382521,0.0005056642785064,-0.0017735326386221,5.446803351519789,0.0098560477488079,99.90635623880196,0.6992094269724849,0.0039330379703175,-0.0365510712270481,3.232534169775789,0.0018095104803183,0.0057093882583132,-0.0014676888808198,11.762401436676278
600,4.196640912532072,-0.0031723450500138,23.74142414166957,1.293463613844243,0.5630238069739142,30.327369884671164,1.2992383199910178,0.0042100952522157,-0.0025124022292828,4.19587130631037,23.774969486347985,-0.0046098918476471,-0.0047963168899667,0.977198697068404,598,0.0005739505023889,0.3948062376372986,0.0005739505023889,-0.0008234674372408,5.428202320730335,0.0133131930255565,99.92002172695408,0.6967263011532884,0.0033590874679285,-0.0596480069398805,3.244498621851009,0.0024525970549611,0.0047963168899667,-0.0060775807284669,11.762401436676278
604,4.1956235749123225,-0.0052270061973178,23.80397851847974,1.288003392619118,0.5684840281990393,30.621485598243776,1.296167527334077,0.0057664526925626,-0.003523676929822,4.19591560989161,23.785067766403422,-0.0054602212251251,-0.0008503293774779,0.98371335504886,602,-0.001017337619749,0.5143777706488245,-0.001017337619749,-0.002054661147304,5.403977398639823,0.0219305504276793,99.89579940267434,0.6937851440175623,0.0043764250876776,-0.0838775299435462,3.257463139425932,0.0040582239357994,0.0008503293774779,-0.0115378019535921,11.762401436676278
608,4.195862008850563,-0.0005545264293171,23.849121770252687,1.2874525221379407,0.5690348986802165,30.651158327237244,1.2929760229885523,0.0051375255849626,-0.0030939230096032,4.195950951215163,23.796678497296423,-0.0005508704811771,0.0049093507439479,0.990228013029316,606,0.0002384339382404,0.4863537293041104,0.0002384339382404,0.0046724797680007,5.401973125837424,0.0023267163776751,99.90147640120388,0.6934884167276276,0.0041379911494372,-0.0737873466038135,3.2590421290898743,0.0004307160223634,0.0049093507439479,-0.0120886724347692,11.762401436676278
612,4.18482689434833,-0.0038126960802469,24.93410482186201,1.3090153642307354,0.5474720565874218,29.489672294474797,1.2952016797047856,0.0088593300760461,0.0015872625371388,4.193804070534594,24.015980055276486,0.0215628420927946,0.0221137125739718,0.996742671009772,610,-0.0110351145022331,1.7833524172275623,-0.0110351145022331,-0.0032581696509297,5.478002701347956,0.0159554730965936,99.63873557972214,0.705103277055252,0.0151731056516704,0.0395769704808337,3.1969272544082115,0.0029126442549339,0.0221137125739718,0.0094741696580253,0.4393748104843388
614,4.201968615940368,-0.0008565579794345,25.09329713312876,1.3250793286429356,0.5314080921752216,28.62438421161125,1.3006028442949946,0.0162212402770548,0.0084243401209002,4.194984401316731,24.284385277078552,0.0160639644122002,-0.0054988776805944,1.0,612,0.0171417215920381,-0.2313788670852044,0.0171417215920381,0.0029561381008123,5.567941752588948,0.003599229747317,100.046871808104,0.7137561578838875,-0.0019686159403677,0.2113944698042884,3.1711072123083865,0.0006464201507933,0.0054988776805944,0.0255381340702256,1.5897778042156234
